Workbook

Sheet All
C1: BRET | G1: Split-YFP | N1: LUMIER
A2: Protein1 | B2: Protein2 | C2: Tag1 | D2: Tag2 | E2: Mean BRET | F2: Count | G2: Tag1 | H2: Tag2 | I2: Mean YFP | J2: Mean-nodna | K2: normalized YFP | L2: Pos_Neg | M2: Platte | N2: Tag1 | O2: Tag2 | P2: Mean | Q2: Mean/nodna | R2: Pos_Neg | S2: Plattte
A3: ABCD1 | B3: ALDH3A2 | C3: C-hRluc | D3: N-Venus | E3: 0.055 | F3: 1 | G3: YFP1 | H3: YFP2 | I3: 1867 | J3: =I3-'Controls-Split'!$D$4 -> 369 | K3: =J3/'Controls-Split'!$C$4 -> 0.0066757123 | L3: =IF(K3>'Controls-Split'!$I$4,"Pos","Neg") -> Neg | M3: 1 | N3: N-hRluc | O3: V5 | P3: 3860 | Q3: =P3/'Controls-Split'!$D$32 -> 1.5545711 | R3: =IF(Q3>'Controls-Split'!$J$32,"Pos","Neg") -> Neg | S3: 9
A4: ABCD1 | B4: EHHADH | C4: C-hRluc | D4: C-Venus | E4: 0.03 | F4: 2 | G4: YFP1 | H4: YFP2 | I4: 1746 | J4: =I4-'Controls-Split'!$D$4 -> 248 | K4: =J4/'Controls-Split'!$C$4 -> 0.0044866576 | L4: =IF(K4>'Controls-Split'!$I$4,"Pos","Neg") -> Neg | M4: 1 | N4: N-hRluc | O4: V5 | P4: 2344 | Q4: =P4/'Controls-Split'!$D$27 -> 1.1406326 | R4: =IF(Q4>'Controls-Split'!$J$27,"Pos","Neg") -> Neg | S4: 4
A5: ABCD1 | B5: FAR1 | C5: C-hRluc | D5: N-Venus | E5: 0.039 | F5: 2 | G5: YFP1 | H5: YFP2 | I5: 1751 | J5: =I5-'Controls-Split'!$D$4 -> 253 | K5: =J5/'Controls-Split'!$C$4 -> 0.0045771144 | L5: =IF(K5>'Controls-Split'!$I$4,"Pos","Neg") -> Neg | M5: 1 | N5: N-hRluc | O5: V5 | P5: 2658 | Q5: =P5/'Controls-Split'!$D$32 -> 1.0704793 | R5: =IF(Q5>'Controls-Split'!$J$32,"Pos","Neg") -> Neg | S5: 9
A6: ABCD1 | B6: PEX13 | C6: C-hRluc | D6: N-Venus | E6: 0.029 | F6: 2 | G6: YFP1 | H6: YFP2 | I6: 1769 | J6: =I6-'Controls-Split'!$D$4 -> 271 | K6: =J6/'Controls-Split'!$C$4 -> 0.0049027589 | L6: =IF(K6>'Controls-Split'!$I$4,"Pos","Neg") -> Neg | M6: 1 | N6: N-hRluc | O6: V5 | P6: 1253 | Q6: =P6/'Controls-Split'!$D$30 -> 0.96533128 | R6: =IF(Q6>'Controls-Split'!$J$30,"Pos","Neg") -> Neg | S6: 7
A7: ABCD1 | B7: PEX5d | C7: N-hRluc | D7: N-Venus | E7: 0.033 | F7: 2 | G7: YFP1 | H7: YFP2 | I7: 3677 | J7: =I7-'Controls-Split'!$D$4 -> 2179 | K7: =J7/'Controls-Split'!$C$4 -> 0.039421076 | L7: =IF(K7>'Controls-Split'!$I$4,"Pos","Neg") -> Neg | M7: 1
A8: ABCD1 | B8: PXT1 | C8: C-hRluc | D8: C-Venus | E8: 0.03 | F8: 1 | G8: YFP1 | H8: YFP2 | I8: 2246 | J8: =I8-'Controls-Split'!$D$4 -> 748 | K8: =J8/'Controls-Split'!$C$4 -> 0.013532338 | L8: =IF(K8>'Controls-Split'!$I$4,"Pos","Neg") -> Neg | M8: 1 | N8: N-hRluc | O8: V5 | P8: 1933 | Q8: =P8/'Controls-Split'!$D$26 -> 0.99793495 | R8: =IF(Q8>'Controls-Split'!$J$26,"Pos","Neg") -> Neg | S8: 3
A9: ABCD3b | B9: FIS1 | C9: N-hRluc | D9: N-Venus | E9: 0.066 | F9: 2 | G9: YFP1 | H9: YFP2 | I9: 1826 | J9: =I9-'Controls-Split'!$D$4 -> 328 | K9: =J9/'Controls-Split'!$C$4 -> 0.0059339665 | L9: =IF(K9>'Controls-Split'!$I$4,"Pos","Neg") -> Neg | M9: 1 | N9: N-hRluc | O9: V5 | P9: 569 | Q9: =P9/'Controls-Split'!$D$35 -> 0.38999315 | R9: =IF(Q9>'Controls-Split'!$J$35,"Pos","Neg") -> Neg | S9: 12
A10: ABCD3b | B10: FNDC5 | C10: N-hRluc | D10: N-Venus | E10: 0.028 | F10: 2 | G10: YFP1 | H10: YFP2 | I10: 1708 | J10: =I10-'Controls-Split'!$D$4 -> 210 | K10: =J10/'Controls-Split'!$C$4 -> 0.0037991859 | L10: =IF(K10>'Controls-Split'!$I$4,"Pos","Neg") -> Neg | M10: 1 | N10: N-hRluc | O10: V5 | P10: 684 | Q10: =P10/'Controls-Split'!$D$35 -> 0.46881426 | R10: =IF(Q10>'Controls-Split'!$J$35,"Pos","Neg") -> Neg | S10: 12
A11: ABCD4 | B11: ABCD4 | C11: C-hRluc | D11: N-Venus | E11: 0.108 | F11: 2 | G11: YFP1 | H11: YFP2 | I11: 2427 | J11: =I11-'Controls-Split'!$D$4 -> 929 | K11: =J11/'Controls-Split'!$C$4 -> 0.016806875 | L11: =IF(K11>'Controls-Split'!$I$4,"Pos","Neg") -> Neg | M11: 1 | N11: N-hRluc | O11: V5 | P11: 4724 | Q11: =P11/'Controls-Split'!$D$31 -> 1.7515758 | R11: =IF(Q11>'Controls-Split'!$J$31,"Pos","Neg") -> Pos | S11: 8
A12: ABCD4 | B12: ACOX2 | C12: C-hRluc | D12: N-Venus | E12: 0.034 | F12: 2 | G12: YFP1 | H12: YFP2 | I12: 1617 | J12: =I12-'Controls-Split'!$D$4 -> 119 | K12: =J12/'Controls-Split'!$C$4 -> 0.002152872 | L12: =IF(K12>'Controls-Split'!$I$4,"Pos","Neg") -> Neg | M12: 1 | N12: N-hRluc | O12: V5 | P12: 8134 | Q12: =P12/'Controls-Split'!$D$32 -> 3.275876 | R12: =IF(Q12>'Controls-Split'!$J$32,"Pos","Neg") -> Pos | S12: 9
A13: ABCD4 | B13: PRDX1 | C13: N-Venus | D13: C-hRluc | E13: 0.041 | F13: 2 | G13: YFP2 | H13: YFP1 | I13: 1911 | J13: =I13-'Controls-Split'!$D$4 -> 413 | K13: =J13/'Controls-Split'!$C$4 -> 0.0074717322 | L13: =IF(K13>'Controls-Split'!$I$4,"Pos","Neg") -> Neg | M13: 1 | N13: V5 | O13: N-hRluc | P13: 7080 | Q13: =P13/'Controls-Split'!$D$31 -> 2.625139 | R13: =IF(Q13>'Controls-Split'!$J$31,"Pos","Neg") -> Pos | S13: 8
A14: ABCD4 | B14: PXT1 | C14: N-Venus | D14: N-hRluc | E14: 0.032 | F14: 2 | G14: YFP2 | H14: YFP1 | I14: 1872 | J14: =I14-'Controls-Split'!$D$4 -> 374 | K14: =J14/'Controls-Split'!$C$4 -> 0.0067661692 | L14: =IF(K14>'Controls-Split'!$I$4,"Pos","Neg") -> Neg | M14: 1 | N14: V5 | O14: N-hRluc | P14: 1191 | Q14: =P14/'Controls-Split'!$D$31 -> 0.44160178 | R14: =IF(Q14>'Controls-Split'!$J$31,"Pos","Neg") -> Neg | S14: 8
A15: ABCD4 | B15: SLC22A5 | C15: N-Venus | D15: N-hRluc | E15: 0.028 | F15: 2 | G15: YFP2 | H15: YFP1 | I15: 1544 | J15: =I15-'Controls-Split'!$D$4 -> 46 | K15: =J15/'Controls-Split'!$C$4 -> 0.00083220262 | L15: =IF(K15>'Controls-Split'!$I$4,"Pos","Neg") -> Neg | M15: 1 | N15: V5 | O15: N-hRluc | P15: 5605 | Q15: =P15/'Controls-Split'!$D$31 -> 2.0782351 | R15: =IF(Q15>'Controls-Split'!$J$31,"Pos","Neg") -> Pos | S15: 8
A16: ABCD4 | B16: SOD1 | C16: C-hRluc | D16: C-Venus | E16: 0.053 | F16: 2 | G16: YFP1 | H16: YFP2 | I16: 2722 | J16: =I16-'Controls-Split'!$D$4 -> 1224 | K16: =J16/'Controls-Split'!$C$4 -> 0.022143826 | L16: =IF(K16>'Controls-Split'!$I$4,"Pos","Neg") -> Neg | M16: 1 | N16: N-hRluc | O16: V5 | P16: 1222 | Q16: =P16/'Controls-Split'!$D$30 -> 0.94144838 | R16: =IF(Q16>'Controls-Split'!$J$30,"Pos","Neg") -> Neg | S16: 7
A17: ACAA1a | B17: ACAA1a | C17: C-hRluc | D17: N-Venus | E17: 0.182 | F17: 2 | G17: YFP1 | H17: YFP2 | I17: 4841 | J17: =I17-'Controls-Split'!$D$4 -> 3343 | K17: =J17/'Controls-Split'!$C$4 -> 0.060479421 | L17: =IF(K17>'Controls-Split'!$I$4,"Pos","Neg") -> Pos | M17: 1 | N17: N-hRluc | O17: V5 | P17: 2467 | Q17: =P17/'Controls-Split'!$D$34 -> 1.8904215 | R17: =IF(Q17>'Controls-Split'!$J$34,"Pos","Neg") -> Neg | S17: 11
A18: ACAA1a | B18: GSTK1a | C18: N-Venus | D18: C-hRluc | E18: 0.03 | F18: 1 | G18: YFP2 | H18: YFP1 | I18: 3315 | J18: =I18-'Controls-Split'!$D$4 -> 1817 | K18: =J18/'Controls-Split'!$C$4 -> 0.032872004 | L18: =IF(K18>'Controls-Split'!$I$4,"Pos","Neg") -> Neg | M18: 1 | N18: V5 | O18: N-hRluc | P18: 1724 | Q18: =P18/'Controls-Split'!$D$34 -> 1.3210728 | R18: =IF(Q18>'Controls-Split'!$J$34,"Pos","Neg") -> Neg | S18: 11
A19: ACAA1a | B19: PMVK | C19: N-Venus | D19: C-hRluc | E19: 0.032 | F19: 2 | G19: YFP2 | H19: YFP1 | I19: 7079 | J19: =I19-'Controls-Split'!$D$4 -> 5581 | K19: =J19/'Controls-Split'!$C$4 -> 0.10096789 | L19: =IF(K19>'Controls-Split'!$I$4,"Pos","Neg") -> Pos | M19: 1 | N19: V5 | O19: N-hRluc | P19: 630 | Q19: =P19/'Controls-Split'!$D$35 -> 0.4318026 | R19: =IF(Q19>'Controls-Split'!$J$35,"Pos","Neg") -> Neg | S19: 12
A20: ACAA1a | B20: PXT1 | C20: C-hRluc | D20: C-Venus | E20: 0.03 | F20: 1 | G20: YFP1 | H20: YFP2 | I20: 1962 | J20: =I20-'Controls-Split'!$D$4 -> 464 | K20: =J20/'Controls-Split'!$C$4 -> 0.0083943917 | L20: =IF(K20>'Controls-Split'!$I$4,"Pos","Neg") -> Neg | M20: 1 | N20: N-hRluc | O20: V5 | P20: 1791 | Q20: =P20/'Controls-Split'!$D$26 -> 0.92462571 | R20: =IF(Q20>'Controls-Split'!$J$26,"Pos","Neg") -> Neg | S20: 3
A21: ACAA1a | B21: TYSND1 | C21: C-Venus | D21: C-hRluc | E21: 0.028 | F21: 2 | G21: YFP2 | H21: YFP1 | I21: 2079 | J21: =I21-'Controls-Split'!$D$4 -> 581 | K21: =J21/'Controls-Split'!$C$4 -> 0.010511081 | L21: =IF(K21>'Controls-Split'!$I$4,"Pos","Neg") -> Neg | M21: 1
A22: ACAA1b | B22: ACOT1 | C22: C-hRluc | D22: N-Venus | E22: 0.027 | F22: 1 | G22: YFP1 | H22: YFP2 | I22: 2150 | J22: =I22-'Controls-Split'!$D$4 -> 652 | K22: =J22/'Controls-Split'!$C$4 -> 0.011795568 | L22: =IF(K22>'Controls-Split'!$I$4,"Pos","Neg") -> Neg | M22: 1 | N22: N-hRluc | O22: V5 | P22: 1060 | Q22: =P22/'Controls-Split'!$D$34 -> 0.81226054 | R22: =IF(Q22>'Controls-Split'!$J$34,"Pos","Neg") -> Neg | S22: 11
A23: ACAA1b | B23: DAO | C23: C-hRluc | D23: C-Venus | E23: 0.033 | F23: 1 | G23: YFP1 | H23: YFP2 | I23: 1816 | J23: =I23-'Controls-Split'!$D$4 -> 318 | K23: =J23/'Controls-Split'!$C$4 -> 0.0057530529 | L23: =IF(K23>'Controls-Split'!$I$4,"Pos","Neg") -> Neg | M23: 1 | N23: N-hRluc | O23: V5 | P23: 1160 | Q23: =P23/'Controls-Split'!$D$35 -> 0.79506511 | R23: =IF(Q23>'Controls-Split'!$J$35,"Pos","Neg") -> Neg | S23: 12
A24: ACAA1b | B24: FIS1 | C24: N-hRluc | D24: C-Venus | E24: 0.054 | F24: 2 | G24: YPF1 | H24: YFP2 | I24: 1614 | J24: =I24-'Controls-Split'!$D$4 -> 116 | K24: =J24/'Controls-Split'!$C$4 -> 0.0020985979 | L24: =IF(K24>'Controls-Split'!$I$4,"Pos","Neg") -> Neg | M24: 1 | N24: N-hRluc | O24: V5 | P24: 1106 | Q24: =P24/'Controls-Split'!$D$29 -> 0.89699919 | R24: =IF(Q24>'Controls-Split'!$J$29,"Pos","Neg") -> Neg | S24: 6
A25: ACAA1b | B25: GSTK1a | C25: C-hRluc | D25: N-Venus | E25: 0.043 | F25: 1 | G25: YFP1 | H25: YFP2 | I25: 3511 | J25: =I25-'Controls-Split'!$D$4 -> 2013 | K25: =J25/'Controls-Split'!$C$4 -> 0.03641791 | L25: =IF(K25>'Controls-Split'!$I$4,"Pos","Neg") -> Neg | M25: 1 | N25: N-hRluc | O25: V5 | P25: 939 | Q25: =P25/'Controls-Split'!$D$28 -> 0.6276738 | R25: =IF(Q25>'Controls-Split'!$J$28,"Pos","Neg") -> Neg | S25: 5
A26: ACAA1b | B26: SLC27A2 | C26: N-Venus | D26: C-hRluc | E26: 0.033 | F26: 2 | G26: YFP2 | H26: YFP1 | I26: 1960 | J26: =I26-'Controls-Split'!$D$4 -> 462 | K26: =J26/'Controls-Split'!$C$4 -> 0.008358209 | L26: =IF(K26>'Controls-Split'!$I$4,"Pos","Neg") -> Neg | M26: 1 | N26: V5 | O26: N-hRluc | P26: 2086 | Q26: =P26/'Controls-Split'!$D$34 -> 1.5984674 | R26: =IF(Q26>'Controls-Split'!$J$34,"Pos","Neg") -> Neg | S26: 11
A27: ACAA1b | B27: TYSND1 | C27: N-hRluc | D27: N-Venus | E27: 0.038 | F27: 2 | G27: YFP1 | H27: YFP2 | I27: 2102 | J27: =I27-'Controls-Split'!$D$4 -> 604 | K27: =J27/'Controls-Split'!$C$4 -> 0.010927182 | L27: =IF(K27>'Controls-Split'!$I$4,"Pos","Neg") -> Neg | M27: 1 | N27: N-hRluc | O27: V5 | P27: 2547 | Q27: =P27/'Controls-Split'!$D$32 -> 1.0257753 | R27: =IF(Q27>'Controls-Split'!$J$32,"Pos","Neg") -> Neg | S27: 9
A28: ACAD11 | B28: TYSND1 | C28: N-hRluc | D28: N-Venus | E28: 0.053 | F28: 2 | G28: YFP1 | H28: YFP2 | I28: 1968 | J28: =I28-'Controls-Split'!$D$4 -> 470 | K28: =J28/'Controls-Split'!$C$4 -> 0.0085029398 | L28: =IF(K28>'Controls-Split'!$I$4,"Pos","Neg") -> Neg | M28: 1 | N28: N-hRluc | O28: V5 | P28: 1527 | Q28: =P28/'Controls-Split'!$D$32 -> 0.61498188 | R28: =IF(Q28>'Controls-Split'!$J$32,"Pos","Neg") -> Neg | S28: 9
A29: ACOT2v1 | B29: AGXT | C29: C-hRluc | D29: N-Venus | E29: 0.034 | F29: 1 | G29: YFP1 | H29: YFP2 | I29: 3119 | J29: =I29-'Controls-Split'!$D$4 -> 1621 | K29: =J29/'Controls-Split'!$C$4 -> 0.029326097 | L29: =IF(K29>'Controls-Split'!$I$4,"Pos","Neg") -> Neg | M29: 1 | N29: N-hRluc | O29: V5 | P29: 1805 | Q29: =P29/'Controls-Split'!$D$32 -> 0.72694321 | R29: =IF(Q29>'Controls-Split'!$J$32,"Pos","Neg") -> Neg | S29: 9
A30: ACOT2v2 | B30: DHRS4 | C30: N-Venus | D30: N-hRluc | E30: 0.031 | F30: 2 | G30: YFP2 | H30: YFP1 | I30: 1736 | J30: =I30-'Controls-Split'!$D$4 -> 238 | K30: =J30/'Controls-Split'!$C$4 -> 0.004305744 | L30: =IF(K30>'Controls-Split'!$I$4,"Pos","Neg") -> Neg | M30: 1 | N30: V5 | O30: N-hRluc | P30: 566 | Q30: =P30/'Controls-Split'!$D$30 -> 0.43605547 | R30: =IF(Q30>'Controls-Split'!$J$30,"Pos","Neg") -> Neg | S30: 7
A31: ACOT8 | B31: ACOT8 | C31: N-hRluc | D31: N-Venus | E31: 0.113 | F31: 2 | G31: YFP1 | H31: YFP2 | I31: 3140 | J31: =I31-'Controls-Split'!$D$4 -> 1642 | K31: =J31/'Controls-Split'!$C$4 -> 0.029706015 | L31: =IF(K31>'Controls-Split'!$I$4,"Pos","Neg") -> Neg | M31: 1 | N31: N-hRluc | O31: V5 | P31: 2342 | Q31: =P31/'Controls-Split'!$D$34 -> 1.794636 | R31: =IF(Q31>'Controls-Split'!$J$34,"Pos","Neg") -> Neg | S31: 11
A32: ACOT8 | B32: DHRS4 | C32: N-Venus | D32: N-hRluc | E32: 0.039 | F32: 1 | G32: YFP2 | H32: YFP1 | I32: 2076 | J32: =I32-'Controls-Split'!$D$4 -> 578 | K32: =J32/'Controls-Split'!$C$4 -> 0.010456807 | L32: =IF(K32>'Controls-Split'!$I$4,"Pos","Neg") -> Neg | M32: 1 | N32: V5 | O32: N-hRluc | P32: 821 | Q32: =P32/'Controls-Split'!$D$34 -> 0.62911877 | R32: =IF(Q32>'Controls-Split'!$J$34,"Pos","Neg") -> Neg | S32: 11
A33: ACOT8 | B33: HAO1 | C33: N-Venus | D33: N-hRluc | E33: 0.031 | F33: 2 | G33: YFP2 | H33: YFP1 | I33: 2190 | J33: =I33-'Controls-Split'!$D$4 -> 692 | K33: =J33/'Controls-Split'!$C$4 -> 0.012519222 | L33: =IF(K33>'Controls-Split'!$I$4,"Pos","Neg") -> Neg | M33: 1 | N33: V5 | O33: N-hRluc | P33: 1021 | Q33: =P33/'Controls-Split'!$D$34 -> 0.78237548 | R33: =IF(Q33>'Controls-Split'!$J$34,"Pos","Neg") -> Neg | S33: 11
A34: ACOT8 | B34: TYSND1 | C34: N-hRluc | D34: N-Venus | E34: 0.03 | F34: 2 | G34: YFP1 | H34: YFP2 | I34: 2098 | J34: =I34-'Controls-Split'!$D$4 -> 600 | K34: =J34/'Controls-Split'!$C$4 -> 0.010854817 | L34: =IF(K34>'Controls-Split'!$I$4,"Pos","Neg") -> Neg | M34: 1 | N34: N-hRluc | O34: V5 | P34: 3544 | Q34: =P34/'Controls-Split'!$D$32 -> 1.4273057 | R34: =IF(Q34>'Controls-Split'!$J$32,"Pos","Neg") -> Neg | S34: 9
A35: ACOX1 | B35: GSTK1b | C35: N-hRluc | D35: N-Venus | E35: 0.027 | F35: 2 | G35: YFP1 | H35: YFP2 | I35: 2121 | J35: =I35-'Controls-Split'!$D$4 -> 623 | K35: =J35/'Controls-Split'!$C$4 -> 0.011270918 | L35: =IF(K35>'Controls-Split'!$I$4,"Pos","Neg") -> Neg | M35: 1 | N35: N-hRluc | O35: V5 | P35: 1330 | Q35: =P35/'Controls-Split'!$D$28 -> 0.88903743 | R35: =IF(Q35>'Controls-Split'!$J$28,"Pos","Neg") -> Neg | S35: 5
A36: ACOX1 | B36: IDH1 | C36: N-hRluc | D36: N-Venus | E36: 0.035 | F36: 2 | G36: YFP1 | H36: YFP2 | I36: 1813 | J36: =I36-'Controls-Split'!$D$4 -> 315 | K36: =J36/'Controls-Split'!$C$4 -> 0.0056987788 | L36: =IF(K36>'Controls-Split'!$I$4,"Pos","Neg") -> Neg | M36: 1 | N36: N-hRluc | O36: V5 | P36: 1300 | Q36: =P36/'Controls-Split'!$D$28 -> 0.86898396 | R36: =IF(Q36>'Controls-Split'!$J$28,"Pos","Neg") -> Neg | S36: 5
A37: PEX19 | B37: ACAD11 | C37: N-Venus | D37: N-hRluc | E37: 0.046 | F37: 2 | G37: YFP2 | H37: YFP1 | I37: 5694 | J37: =I37-'Controls-Split'!$D$14 -> 4905 | K37: =J37/'Controls-Split'!$C$14 -> 0.11539547 | L37: =IF(K37>'Controls-Split'!$I$14,"Pos","Neg") -> Pos | M37: 1 | N37: V5 | O37: N-hRluc | P37: 2779 | Q37: =P37/'Controls-Split'!$D$31 -> 1.0304042 | R37: =IF(Q37>'Controls-Split'!$J$31,"Pos","Neg") -> Neg | S37: 8
A38: SLC22A5 | B38: DNAJC10 | C38: C-Venus | D38: N-hRluc | E38: 0.057 | F38: 1 | G38: YFP2 | H38: YFP1 | I38: 1765 | J38: =I38-'Controls-Split'!$D$4 -> 267 | K38: =J38/'Controls-Split'!$C$4 -> 0.0048303935 | L38: =IF(K38>'Controls-Split'!$I$4,"Pos","Neg") -> Neg | M38: 1 | N38: V5 | O38: N-hRluc | P38: 2937 | Q38: =P38/'Controls-Split'!$D$26 -> 1.5162623 | R38: =IF(Q38>'Controls-Split'!$J$26,"Pos","Neg") -> Pos | S38: 3
A39: SLC22A5 | B39: SLC22A5 | C39: N-hRluc | D39: C-Venus | E39: 0.045 | F39: 1 | G39: YFP1 | H39: YFP2 | I39: 1750 | J39: =I39-'Controls-Split'!$D$4 -> 252 | K39: =J39/'Controls-Split'!$C$4 -> 0.0045590231 | L39: =IF(K39>'Controls-Split'!$I$4,"Pos","Neg") -> Neg | M39: 1 | N39: N-hRluc | O39: V5 | P39: 2024 | Q39: =P39/'Controls-Split'!$D$26 -> 1.0449148 | R39: =IF(Q39>'Controls-Split'!$J$26,"Pos","Neg") -> Neg | S39: 3
A40: SLC25A17 | B40: PXMP2 | C40: N-hRluc | D40: C-Venus | E40: 0.028 | F40: 1 | G40: YFP1 | H40: YFP2 | I40: 2077 | J40: =I40-'Controls-Split'!$D$4 -> 579 | K40: =J40/'Controls-Split'!$C$4 -> 0.010474898 | L40: =IF(K40>'Controls-Split'!$I$4,"Pos","Neg") -> Neg | M40: 1 | N40: N-hRluc | O40: V5 | P40: 1117 | Q40: =P40/'Controls-Split'!$D$32 -> 0.44985904 | R40: =IF(Q40>'Controls-Split'!$J$32,"Pos","Neg") -> Neg | S40: 9
A41: SLC27A2 | B41: ACAA1a | C41: N-hRluc | D41: N-Venus | E41: 0.03 | F41: 1 | G41: YFP1 | H41: YFP2 | I41: 1874 | J41: =I41-'Controls-Split'!$D$4 -> 376 | K41: =J41/'Controls-Split'!$C$4 -> 0.0068023519 | L41: =IF(K41>'Controls-Split'!$I$4,"Pos","Neg") -> Neg | M41: 1 | N41: N-hRluc | O41: V5 | P41: 1596 | Q41: =P41/'Controls-Split'!$D$34 -> 1.2229885 | R41: =IF(Q41>'Controls-Split'!$J$34,"Pos","Neg") -> Neg | S41: 11
A42: SLC27A2 | B42: IDE | C42: N-hRluc | D42: C-Venus | E42: 0.04 | F42: 1 | G42: YFP1 | H42: YFP2 | I42: 1743 | J42: =I42-'Controls-Split'!$D$4 -> 245 | K42: =J42/'Controls-Split'!$C$4 -> 0.0044323835 | L42: =IF(K42>'Controls-Split'!$I$4,"Pos","Neg") -> Neg | M42: 1 | N42: N-hRluc | O42: V5 | P42: 5248 | Q42: =P42/'Controls-Split'!$D$27 -> 2.5537713 | R42: =IF(Q42>'Controls-Split'!$J$27,"Pos","Neg") -> Pos | S42: 4
A43: SOD1 | B43: SOD1 | C43: C-hRluc | D43: N-Venus | E43: 0.034 | F43: 2 | G43: YFP1 | H43: YFP2 | I43: 6763 | J43: =I43-'Controls-Split'!$D$4 -> 5265 | K43: =J43/'Controls-Split'!$C$4 -> 0.095251018 | L43: =IF(K43>'Controls-Split'!$I$4,"Pos","Neg") -> Pos | M43: 1 | N43: N-hRluc | O43: V5 | P43: 906 | Q43: =P43/'Controls-Split'!$D$30 -> 0.69799692 | R43: =IF(Q43>'Controls-Split'!$J$30,"Pos","Neg") -> Neg | S43: 7
A44: ACOX2 | B44: PMVK | C44: N-hRluc | D44: N-Venus | E44: 0.031 | F44: 2 | G44: YFP1 | H44: YFP2 | I44: 11278 | J44: =I44-'Controls-Split'!$D$5 -> 7931 | K44: =J44/'Controls-Split'!$C$5 -> 0.20810811 | L44: =IF(K44>'Controls-Split'!$I$5,"Pos","Neg") -> Pos | M44: 2 | N44: N-hRluc | O44: V5 | P44: 1976 | Q44: =P44/'Controls-Split'!$D$26 -> 1.0201342 | R44: =IF(Q44>'Controls-Split'!$J$26,"Pos","Neg") -> Neg | S44: 3
A45: ACSF3 | B45: PMVK | C45: N-hRluc | D45: N-Venus | E45: 0.03 | F45: 2 | G45: YFP1 | H45: YFP2 | I45: 10379 | J45: =I45-'Controls-Split'!$D$5 -> 7032 | K45: =J45/'Controls-Split'!$C$5 -> 0.1845185 | L45: =IF(K45>'Controls-Split'!$I$5,"Pos","Neg") -> Pos | M45: 2 | N45: N-hRluc | O45: V5 | P45: 2384 | Q45: =P45/'Controls-Split'!$D$26 -> 1.2307692 | R45: =IF(Q45>'Controls-Split'!$J$26,"Pos","Neg") -> Pos | S45: 3
A46: ACSF3 | B46: SERHL | C46: N-hRluc | D46: C-Venus | E46: 0.034 | F46: 2 | G46: YFP1 | H46: YFP2 | I46: 2901 | J46: =I46-'Controls-Split'!$D$5 -> -446 | K46: =J46/'Controls-Split'!$C$5 -> -0.011702965 | L46: =IF(K46>'Controls-Split'!$I$5,"Pos","Neg") -> Neg | M46: 2 | N46: N-hRluc | O46: V5 | P46: 1854 | Q46: =P46/'Controls-Split'!$D$26 -> 0.95715023 | R46: =IF(Q46>'Controls-Split'!$J$26,"Pos","Neg") -> Neg | S46: 3
A47: ACSF3 | B47: TYSND1 | C47: N-hRluc | D47: N-Venus | E47: 0.06 | F47: 2 | G47: YFP1 | H47: YFP2 | I47: 2653 | J47: =I47-'Controls-Split'!$D$5 -> -694 | K47: =J47/'Controls-Split'!$C$5 -> -0.018210443 | L47: =IF(K47>'Controls-Split'!$I$5,"Pos","Neg") -> Neg | M47: 2 | N47: N-hRluc | O47: V5 | P47: 4059 | Q47: =P47/'Controls-Split'!$D$32 -> 1.6347161 | R47: =IF(Q47>'Controls-Split'!$J$32,"Pos","Neg") -> Neg | S47: 9
A48: ACSL6 | B48: TYSND1 | C48: N-hRluc | D48: N-Venus | E48: 0.027 | F48: 2 | G48: YFP1 | H48: YFP2 | I48: 3243 | J48: =I48-'Controls-Split'!$D$5 -> -104 | K48: =J48/'Controls-Split'!$C$5 -> -0.0027289425 | L48: =IF(K48>'Controls-Split'!$I$5,"Pos","Neg") -> Neg | M48: 2 | N48: N-hRluc | O48: V5 | P48: 2985 | Q48: =P48/'Controls-Split'!$D$32 -> 1.2021748 | R48: =IF(Q48>'Controls-Split'!$J$32,"Pos","Neg") -> Neg | S48: 9
A49: AGXT | B49: AGXT | C49: C-hRluc | D49: N-Venus | E49: 0.219 | F49: 2 | G49: YFP1 | H49: YFP2 | I49: 4945 | J49: =I49-'Controls-Split'!$D$5 -> 1598 | K49: =J49/'Controls-Split'!$C$5 -> 0.041931252 | L49: =IF(K49>'Controls-Split'!$I$5,"Pos","Neg") -> Neg | M49: 2 | N49: N-hRluc | O49: V5 | P49: 15649 | Q49: =P49/'Controls-Split'!$D$35 -> 10.72584 | R49: =IF(Q49>'Controls-Split'!$J$35,"Pos","Neg") -> Pos | S49: 12
A50: ALDH3A2 | B50: ALDH3A2 | C50: N-hRluc | D50: N-Venus | E50: 0.193 | F50: 1 | G50: YFP1 | H50: YFP2 | I50: 3309 | J50: =I50-'Controls-Split'!$D$5 -> -38 | K50: =J50/'Controls-Split'!$C$5 -> -0.00099711362 | L50: =IF(K50>'Controls-Split'!$I$5,"Pos","Neg") -> Neg | M50: 2 | N50: N-hRluc | O50: V5 | P50: 30779 | Q50: =P50/'Controls-Split'!$D$32 -> 12.395892 | R50: =IF(Q50>'Controls-Split'!$J$32,"Pos","Neg") -> Pos | S50: 9
A51: ALDH3A2 | B51: PXMP2 | C51: N-hRluc | D51: C-Venus | E51: 0.142 | F51: 2 | G51: YFP1 | H51: YFP2 | I51: 3188 | J51: =I51-'Controls-Split'!$D$5 -> -159 | K51: =J51/'Controls-Split'!$C$5 -> -0.0041721333 | L51: =IF(K51>'Controls-Split'!$I$5,"Pos","Neg") -> Neg | M51: 2 | N51: N-hRluc | O51: V5 | P51: 3498 | Q51: =P51/'Controls-Split'!$D$32 -> 1.4087797 | R51: =IF(Q51>'Controls-Split'!$J$32,"Pos","Neg") -> Neg | S51: 9
A52: ALDH3A2 | B52: PXT1 | C52: N-Venus | D52: N-hRluc | E52: 0.047 | F52: 1 | G52: YFP2 | H52: YFP1 | I52: 3279 | J52: =I52-'Controls-Split'!$D$5 -> -68 | K52: =J52/'Controls-Split'!$C$5 -> -0.0017843086 | L52: =IF(K52>'Controls-Split'!$I$5,"Pos","Neg") -> Neg | M52: 2 | N52: V5 | O52: N-hRluc | P52: 1078 | Q52: =P52/'Controls-Split'!$D$32 -> 0.43415224 | R52: =IF(Q52>'Controls-Split'!$J$32,"Pos","Neg") -> Neg | S52: 9
A53: BAAT | B53: BAAT | C53: N-hRluc | D53: N-Venus | E53: 0.028 | F53: 2 | G53: YFP1 | H53: YFP2 | I53: 4940 | J53: =I53-'Controls-Split'!$D$5 -> 1593 | K53: =J53/'Controls-Split'!$C$5 -> 0.041800052 | L53: =IF(K53>'Controls-Split'!$I$5,"Pos","Neg") -> Neg | M53: 2 | N53: N-hRluc | O53: V5 | P53: 4302 | Q53: =P53/'Controls-Split'!$D$28 -> 2.8756684 | R53: =IF(Q53>'Controls-Split'!$J$28,"Pos","Neg") -> Pos | S53: 5
A54: BAAT | B54: DDO | C54: N-Venus | D54: N-hRluc | E54: 0.043 | F54: 1 | G54: YFP2 | H54: YFP1 | I54: 4589 | J54: =I54-'Controls-Split'!$D$5 -> 1242 | K54: =J54/'Controls-Split'!$C$5 -> 0.032589871 | L54: =IF(K54>'Controls-Split'!$I$5,"Pos","Neg") -> Neg | M54: 2 | N54: V5 | O54: N-hRluc | P54: 2010 | Q54: =P54/'Controls-Split'!$D$28 -> 1.3435829 | R54: =IF(Q54>'Controls-Split'!$J$28,"Pos","Neg") -> Neg | S54: 5
A55: BAAT | B55: DHRS4 | C55: N-hRluc | D55: N-Venus | E55: 0.028 | F55: 2 | G55: YFP1 | H55: YFP2 | I55: 298 | J55: =I55-'Controls-Split'!$D$5 -> -3049 | K55: =J55/'Controls-Split'!$C$5 -> -0.080005248 | L55: =IF(K55>'Controls-Split'!$I$5,"Pos","Neg") -> Neg | M55: 2 | N55: N-hRluc | O55: V5 | P55: 2894 | Q55: =P55/'Controls-Split'!$D$27 -> 1.4082725 | R55: =IF(Q55>'Controls-Split'!$J$27,"Pos","Neg") -> Neg | S55: 4
A56: CRAT | B56: ACOT4 | C56: C-hRluc | D56: C-Venus | E56: 0.031 | F56: 1 | G56: YFP1 | H56: YFP2 | I56: 3488 | J56: =I56-'Controls-Split'!$D$5 -> 141 | K56: =J56/'Controls-Split'!$C$5 -> 0.0036998163 | L56: =IF(K56>'Controls-Split'!$I$5,"Pos","Neg") -> Neg | M56: 2 | N56: N-hRluc | O56: V5 | P56: 3196 | Q56: =P56/'Controls-Split'!$D$34 -> 2.4490421 | R56: =IF(Q56>'Controls-Split'!$J$34,"Pos","Neg") -> Pos | S56: 11
A57: CRAT | B57: FIS1 | C57: N-hRluc | D57: C-Venus | E57: 0.06 | F57: 1 | G57: YFP1 | H57: YFP2 | I57: 3170 | J57: =I57-'Controls-Split'!$D$5 -> -177 | K57: =J57/'Controls-Split'!$C$5 -> -0.0046444503 | L57: =IF(K57>'Controls-Split'!$I$5,"Pos","Neg") -> Neg | M57: 2 | N57: N-hRluc | O57: V5 | P57: 3136 | Q57: =P57/'Controls-Split'!$D$29 -> 2.5433901 | R57: =IF(Q57>'Controls-Split'!$J$29,"Pos","Neg") -> Pos | S57: 6
A58: CRAT | B58: GSTK1a | C58: C-hRluc | D58: C-Venus | E58: 0.027 | F58: 2 | G58: YFP1 | H58: YFP2 | I58: 4643 | J58: =I58-'Controls-Split'!$D$5 -> 1296 | K58: =J58/'Controls-Split'!$C$5 -> 0.034006822 | L58: =IF(K58>'Controls-Split'!$I$5,"Pos","Neg") -> Neg | M58: 2 | N58: N-hRluc | O58: V5 | P58: 2308 | Q58: =P58/'Controls-Split'!$D$28 -> 1.5427807 | R58: =IF(Q58>'Controls-Split'!$J$28,"Pos","Neg") -> Neg | S58: 5
A59: CROT | B59: ACOT4 | C59: N-hRluc | D59: C-Venus | E59: 0.032 | F59: 2 | G59: YFP1 | H59: YFP2 | I59: 4236 | J59: =I59-'Controls-Split'!$D$5 -> 889 | K59: =J59/'Controls-Split'!$C$5 -> 0.023327211 | L59: =IF(K59>'Controls-Split'!$I$5,"Pos","Neg") -> Neg | M59: 2 | N59: N-hRluc | O59: V5 | P59: 1133 | Q59: 0.75 | R59: Neg | S59: 11
A60: DAO | B60: DAO | C60: N-hRluc | D60: N-Venus | E60: 0.033 | F60: 2 | G60: YFP1 | H60: YFP2 | I60: 2754 | J60: =I60-'Controls-Split'!$D$5 -> -593 | K60: =J60/'Controls-Split'!$C$5 -> -0.01556022 | L60: =IF(K60>'Controls-Split'!$I$5,"Pos","Neg") -> Neg | M60: 2 | N60: V5 | O60: N-hRluc | P60: 9112 | Q60: =P60/'Controls-Split'!$D$35 -> 6.2453735 | R60: =IF(Q60>'Controls-Split'!$J$35,"Pos","Neg") -> Pos | S60: 12
A61: DECR2 | B61: ACAA1a | C61: N-hRluc | D61: N-Venus | E61: 0.031 | F61: 2 | G61: YFP1 | H61: YFP2 | I61: 4437 | J61: =I61-'Controls-Split'!$D$5 -> 1090 | K61: =J61/'Controls-Split'!$C$5 -> 0.028601417 | L61: =IF(K61>'Controls-Split'!$I$5,"Pos","Neg") -> Neg | M61: 2
A62: DECR2 | B62: DECR2 | C62: N-hRluc | D62: C-Venus | E62: 0.116 | F62: 2 | G62: YFP1 | H62: YFP2 | I62: 2354 | J62: =I62-'Controls-Split'!$D$5 -> -993 | K62: =J62/'Controls-Split'!$C$5 -> -0.026056153 | L62: =IF(K62>'Controls-Split'!$I$5,"Pos","Neg") -> Neg | M62: 2 | N62: N-hRluc | O62: V5 | P62: 5024 | Q62: =P62/'Controls-Split'!$D$27 -> 2.4447689 | R62: =IF(Q62>'Controls-Split'!$J$27,"Pos","Neg") -> Pos | S62: 4
A63: DHRS4 | B63: DHRS4 | C63: C-hRluc | D63: C-Venus | E63: 0.142 | F63: 1 | G63: YFP1 | H63: YFP2 | I63: 3438 | J63: =I63-'Controls-Split'!$D$5 -> 91 | K63: =J63/'Controls-Split'!$C$5 -> 0.0023878247 | L63: =IF(K63>'Controls-Split'!$I$5,"Pos","Neg") -> Neg | M63: 2 | N63: N-hRluc | O63: V5 | P63: 1985 | Q63: =P63/'Controls-Split'!$D$27 -> 0.96593674 | R63: =IF(Q63>'Controls-Split'!$J$27,"Pos","Neg") -> Neg | S63: 4
A64: DHRS4 | B64: IDE | C64: N-Venus | D64: N-hRluc | E64: 0.032 | F64: 1 | G64: YFP2 | H64: YFP1 | I64: 3746 | J64: =I64-'Controls-Split'!$D$5 -> 399 | K64: =J64/'Controls-Split'!$C$5 -> 0.010469693 | L64: =IF(K64>'Controls-Split'!$I$5,"Pos","Neg") -> Neg | M64: 2 | N64: V5 | O64: N-hRluc | P64: 1941 | Q64: =P64/'Controls-Split'!$D$27 -> 0.94452555 | R64: =IF(Q64>'Controls-Split'!$J$27,"Pos","Neg") -> Neg | S64: 4
A65: DNM1L | B65: DNM1L | C65: N-hRluc | D65: N-Venus | E65: 0.221 | F65: 2 | G65: YFP1 | H65: YFP2 | I65: 8486 | J65: =I65-'Controls-Split'!$D$5 -> 5139 | K65: =J65/'Controls-Split'!$C$5 -> 0.1348465 | L65: =IF(K65>'Controls-Split'!$I$5,"Pos","Neg") -> Pos | M65: 2 | N65: N-hRluc | O65: V5 | P65: 9747 | Q65: =P65/'Controls-Split'!$D$27 -> 4.7430657 | R65: =IF(Q65>'Controls-Split'!$J$27,"Pos","Neg") -> Pos | S65: 4
A66: DNM1L | B66: ECH1 | C66: N-hRluc | D66: C-Venus | E66: 0.035 | F66: 2 | G66: YFP1 | H66: YFP2 | I66: 3688 | J66: =I66-'Controls-Split'!$D$5 -> 341 | K66: =J66/'Controls-Split'!$C$5 -> 0.0089477827 | L66: =IF(K66>'Controls-Split'!$I$5,"Pos","Neg") -> Neg | M66: 2 | N66: N-hRluc | O66: V5 | P66: 1890 | Q66: =P66/'Controls-Split'!$D$27 -> 0.91970803 | R66: =IF(Q66>'Controls-Split'!$J$27,"Pos","Neg") -> Neg | S66: 4
A67: ECH1 | B67: AMACR | C67: C-hRluc | D67: N-Venus | E67: 0.032 | F67: 1 | G67: YFP1 | H67: YFP2 | I67: 4009 | J67: =I67-'Controls-Split'!$D$5 -> 662 | K67: =J67/'Controls-Split'!$C$5 -> 0.017370769 | L67: =IF(K67>'Controls-Split'!$I$5,"Pos","Neg") -> Neg | M67: 2 | N67: N-hRluc | O67: V5 | P67: 1984 | Q67: 1.19 | R67: Neg | S67: 9
A68: ECH1 | B68: GSTK1a | C68: N-hRluc | D68: N-Venus | E68: 0.031 | F68: 1 | G68: YFP1 | H68: YFP2 | I68: 7087 | J68: =I68-'Controls-Split'!$D$5 -> 3740 | K68: =J68/'Controls-Split'!$C$5 -> 0.098136972 | L68: =IF(K68>'Controls-Split'!$I$5,"Pos","Neg") -> Neg | M68: 2 | N68: N-hRluc | O68: V5 | P68: 846 | Q68: =P68/'Controls-Split'!$D$28 -> 0.56550802 | R68: =IF(Q68>'Controls-Split'!$J$28,"Pos","Neg") -> Neg | S68: 5
A69: ECH1 | B69: TYSND1 | C69: N-hRluc | D69: N-Venus | E69: 0.028 | F69: 2 | G69: YFP1 | H69: YFP2 | I69: 3193 | J69: =I69-'Controls-Split'!$D$5 -> -154 | K69: =J69/'Controls-Split'!$C$5 -> -0.0040409341 | L69: =IF(K69>'Controls-Split'!$I$5,"Pos","Neg") -> Neg | M69: 2 | N69: N-hRluc | O69: V5 | P69: 4926 | Q69: =P69/'Controls-Split'!$D$32 -> 1.9838905 | R69: =IF(Q69>'Controls-Split'!$J$32,"Pos","Neg") -> Neg | S69: 9
A70: EPHX2 | B70: EPHX2 | C70: C-hRluc | D70: C-Venus | E70: 0.182 | F70: 2 | G70: YFP1 | H70: YFP2 | I70: 7359 | J70: =I70-'Controls-Split'!$D$5 -> 4012 | K70: =J70/'Controls-Split'!$C$5 -> 0.10527421 | L70: =IF(K70>'Controls-Split'!$I$5,"Pos","Neg") -> Neg | M70: 2 | N70: N-hRluc | O70: V5 | P70: 84503 | Q70: =P70/'Controls-Split'!$D$27 -> 41.120681 | R70: =IF(Q70>'Controls-Split'!$J$27,"Pos","Neg") -> Pos | S70: 4
A71: FAR1 | B71: ALDH3A2 | C71: N-hRluc | D71: N-Venus | E71: 0.061 | F71: 2 | G71: YFP1 | H71: YFP2 | I71: 3768 | J71: =I71-'Controls-Split'!$D$5 -> 421 | K71: =J71/'Controls-Split'!$C$5 -> 0.011046969 | L71: =IF(K71>'Controls-Split'!$I$5,"Pos","Neg") -> Neg | M71: 2 | N71: N-hRluc | O71: V5 | P71: 4589 | Q71: =P71/'Controls-Split'!$D$32 -> 1.8481675 | R71: =IF(Q71>'Controls-Split'!$J$32,"Pos","Neg") -> Neg | S71: 9
A72: FAR1 | B72: DHRS4 | C72: N-Venus | D72: C-hRluc | E72: 0.047 | F72: 1 | G72: YFP2 | H72: YFP1 | I72: 4557 | J72: =I72-'Controls-Split'!$D$5 -> 1210 | K72: =J72/'Controls-Split'!$C$5 -> 0.031750197 | L72: =IF(K72>'Controls-Split'!$I$5,"Pos","Neg") -> Neg | M72: 2 | N72: V5 | O72: N-hRluc | P72: 1324 | Q72: =P72/'Controls-Split'!$D$32 -> 0.53322594 | R72: =IF(Q72>'Controls-Split'!$J$32,"Pos","Neg") -> Neg | S72: 9
A73: FAR1 | B73: FAR1 | C73: N-hRluc | D73: N-Venus | E73: 0.141 | F73: 2 | G73: YFP1 | H73: YFP2 | I73: 3698 | J73: =I73-'Controls-Split'!$D$5 -> 351 | K73: =J73/'Controls-Split'!$C$5 -> 0.0092101811 | L73: =IF(K73>'Controls-Split'!$I$5,"Pos","Neg") -> Neg | M73: 2 | N73: N-hRluc | O73: V5 | P73: 2758 | Q73: =P73/'Controls-Split'!$D$32 -> 1.1107531 | R73: =IF(Q73>'Controls-Split'!$J$32,"Pos","Neg") -> Neg | S73: 9
A74: FIS1 | B74: AMACR | C74: C-Venus | D74: N-hRluc | E74: 0.028 | F74: 2 | G74: YFP2 | H74: YFP1 | I74: 3347 | J74: =I74-'Controls-Split'!$D$5 -> 0 | K74: =J74/'Controls-Split'!$C$5 -> 0 | L74: =IF(K74>'Controls-Split'!$I$5,"Pos","Neg") -> Neg | M74: 2 | N74: V5 | O74: N-hRluc | P74: 973 | Q74: =P74/'Controls-Split'!$D$29 -> 0.7891322 | R74: =IF(Q74>'Controls-Split'!$J$29,"Pos","Neg") -> Neg | S74: 6
A75: PEX5d | B75: SCP2v1 | C75: N-Venus | D75: C-hRluc | E75: 0.038 | F75: 2 | G75: YFP2 | H75: YFP1 | I75: 2966 | J75: =I75-'Controls-Split'!$D$5 -> -381 | K75: =J75/'Controls-Split'!$C$5 -> -0.009997376 | L75: =IF(K75>'Controls-Split'!$I$5,"Pos","Neg") -> Neg | M75: 2 | N75: V5 | O75: N-hRluc | P75: 1018 | Q75: =P75/'Controls-Split'!$D$33 -> 0.39580093 | R75: =IF(Q75>'Controls-Split'!$J$33,"Pos","Neg") -> Neg | S75: 10
A76: PEX5d | B76: SLC25A17 | C76: N-Venus | D76: N-hRluc | E76: 0.036 | F76: 2 | G76: YFP2 | H76: YFP1 | I76: 2915 | J76: =I76-'Controls-Split'!$D$5 -> -432 | K76: =J76/'Controls-Split'!$C$5 -> -0.011335607 | L76: =IF(K76>'Controls-Split'!$I$5,"Pos","Neg") -> Neg | M76: 2 | N76: V5 | O76: N-hRluc | P76: 1305 | Q76: =P76/'Controls-Split'!$D$33 -> 0.50738725 | R76: =IF(Q76>'Controls-Split'!$J$33,"Pos","Neg") -> Neg | S76: 10
A77: PEX5d | B77: SLC27A2 | C77: N-Venus | D77: N-hRluc | E77: 0.029 | F77: 2 | G77: YFP2 | H77: YFP1 | I77: 3791 | J77: =I77-'Controls-Split'!$D$5 -> 444 | K77: =J77/'Controls-Split'!$C$5 -> 0.011650485 | L77: =IF(K77>'Controls-Split'!$I$5,"Pos","Neg") -> Neg | M77: 2 | N77: V5 | O77: N-hRluc | P77: 3127 | Q77: =P77/'Controls-Split'!$D$33 -> 1.2157854 | R77: =IF(Q77>'Controls-Split'!$J$33,"Pos","Neg") -> Neg | S77: 10
A78: PEX5d | B78: SOD2vX | C78: N-Venus | D78: N-hRluc | E78: 0.04 | F78: 2 | G78: YFP2 | H78: YFP1 | I78: 3682 | J78: =I78-'Controls-Split'!$D$5 -> 335 | K78: =J78/'Controls-Split'!$C$5 -> 0.0087903437 | L78: =IF(K78>'Controls-Split'!$I$5,"Pos","Neg") -> Neg | M78: 2 | N78: V5 | O78: N-hRluc | P78: 1568 | Q78: =P78/'Controls-Split'!$D$33 -> 0.6096423 | R78: =IF(Q78>'Controls-Split'!$J$33,"Pos","Neg") -> Neg | S78: 10
A79: PEX6 | B79: PEX19 | C79: N-hRluc | D79: N-Venus | E79: 0.038 | F79: 2 | G79: YFP1 | H79: YFP2 | I79: 5303 | J79: =I79-'Controls-Split'!$D$5 -> 1956 | K79: =J79/'Controls-Split'!$C$5 -> 0.051325112 | L79: =IF(K79>'Controls-Split'!$I$5,"Pos","Neg") -> Neg | M79: 2 | N79: N-hRluc | O79: V5 | P79: 1288 | Q79: =P79/'Controls-Split'!$D$31 -> 0.47756767 | R79: =IF(Q79>'Controls-Split'!$J$31,"Pos","Neg") -> Neg | S79: 8
A80: SOD2v2 | B80: TYSND1 | C80: N-hRluc | D80: N-Venus | E80: 0.029 | F80: 2 | G80: YFP1 | H80: YFP2 | I80: 3384 | J80: =I80-'Controls-Split'!$D$5 -> 37 | K80: =J80/'Controls-Split'!$C$5 -> 0.00097087379 | L80: =IF(K80>'Controls-Split'!$I$5,"Pos","Neg") -> Neg | M80: 2 | N80: N-hRluc | O80: V5 | P80: 2345 | Q80: =P80/'Controls-Split'!$D$32 -> 0.94442207 | R80: =IF(Q80>'Controls-Split'!$J$32,"Pos","Neg") -> Neg | S80: 9
A81: TYSND1 | B81: TYSND1 | C81: N-hRluc | D81: N-Venus | E81: 0.045 | F81: 2 | G81: YFP1 | H81: YFP2 | I81: 4393 | J81: =I81-'Controls-Split'!$D$5 -> 1046 | K81: =J81/'Controls-Split'!$C$5 -> 0.027446864 | L81: =IF(K81>'Controls-Split'!$I$5,"Pos","Neg") -> Neg | M81: 2 | N81: N-hRluc | O81: V5 | P81: 3391 | Q81: =P81/'Controls-Split'!$D$32 -> 1.3656867 | R81: =IF(Q81>'Controls-Split'!$J$32,"Pos","Neg") -> Neg | S81: 9
A82: ZADH2 | B82: DDO | C82: N-Venus | D82: N-hRluc | E82: 0.03 | F82: 2 | G82: YFP2 | H82: YFP1 | I82: 4220 | J82: =I82-'Controls-Split'!$D$5 -> 873 | K82: =J82/'Controls-Split'!$C$5 -> 0.022907373 | L82: =IF(K82>'Controls-Split'!$I$5,"Pos","Neg") -> Neg | M82: 2 | N82: V5 | O82: N-hRluc | P82: 5576 | Q82: =P82/'Controls-Split'!$D$30 -> 4.2958398 | R82: =IF(Q82>'Controls-Split'!$J$30,"Pos","Neg") -> Pos | S82: 7
A83: FIS1 | B83: FIS1 | C83: N-hRluc | D83: N-Venus | E83: 0.08 | F83: 2 | G83: YFP1 | H83: YFP2 | I83: 2562 | J83: =I83-'Controls-Split'!$D$6 -> 1819 | K83: =J83/'Controls-Split'!$C$6 -> 0.039935015 | L83: =IF(K83>'Controls-Split'!$I$6,"Pos","Neg") -> Pos | M83: 3 | N83: N-hRluc | O83: V5 | P83: 841 | Q83: =P83/'Controls-Split'!$D$29 -> 0.68207624 | R83: =IF(Q83>'Controls-Split'!$J$29,"Pos","Neg") -> Neg | S83: 6
A84: FIS1 | B84: PXT1 | C84: C-Venus | D84: N-hRluc | E84: 0.036 | F84: 1 | G84: YFP2 | H84: YFP1 | I84: 1517 | J84: =I84-'Controls-Split'!$D$6 -> 774 | K84: =J84/'Controls-Split'!$C$6 -> 0.016992689 | L84: =IF(K84>'Controls-Split'!$I$6,"Pos","Neg") -> Neg | M84: 3 | N84: V5 | O84: N-hRluc | P84: 961 | Q84: =P84/'Controls-Split'!$D$29 -> 0.77939984 | R84: =IF(Q84>'Controls-Split'!$J$29,"Pos","Neg") -> Neg | S84: 6
A85: FIS1 | B85: SCP2v2 | C85: C-Venus | D85: N-hRluc | E85: 0.051 | F85: 2 | G85: YFP2 | H85: YFP1 | I85: 1338 | J85: =I85-'Controls-Split'!$D$6 -> 595 | K85: =J85/'Controls-Split'!$C$6 -> 0.013062855 | L85: =IF(K85>'Controls-Split'!$I$6,"Pos","Neg") -> Neg | M85: 3 | N85: V5 | O85: N-hRluc | P85: 1244 | Q85: =P85/'Controls-Split'!$D$29 -> 1.0089213 | R85: =IF(Q85>'Controls-Split'!$J$29,"Pos","Neg") -> Neg | S85: 6
A86: FIS1 | B86: SLC27A2 | C86: C-Venus | D86: N-hRluc | E86: 0.031 | F86: 2 | G86: YFP2 | H86: YFP1 | I86: 1417 | J86: =I86-'Controls-Split'!$D$6 -> 674 | K86: =J86/'Controls-Split'!$C$6 -> 0.014797251 | L86: =IF(K86>'Controls-Split'!$I$6,"Pos","Neg") -> Neg | M86: 3 | N86: V5 | O86: N-hRluc | P86: 1301 | Q86: =P86/'Controls-Split'!$D$29 -> 1.05515 | R86: =IF(Q86>'Controls-Split'!$J$29,"Pos","Neg") -> Neg | S86: 6
A87: FIS1 | B87: SOD2vX | C87: C-Venus | D87: N-hRluc | E87: 0.038 | F87: 2 | G87: YFP2 | H87: YFP1 | I87: 1052 | J87: =I87-'Controls-Split'!$D$6 -> 309 | K87: =J87/'Controls-Split'!$C$6 -> 0.006783903 | L87: =IF(K87>'Controls-Split'!$I$6,"Pos","Neg") -> Neg | M87: 3 | N87: V5 | O87: N-hRluc | P87: 1027 | Q87: =P87/'Controls-Split'!$D$29 -> 0.83292782 | R87: =IF(Q87>'Controls-Split'!$J$29,"Pos","Neg") -> Neg | S87: 6
A88: FIS1 | B88: TYSND1 | C88: C-Venus | D88: C-hRluc | E88: 0.036 | F88: 1 | G88: YFP2 | H88: YFP1 | I88: 1410 | J88: =I88-'Controls-Split'!$D$6 -> 667 | K88: =J88/'Controls-Split'!$C$6 -> 0.014643571 | L88: =IF(K88>'Controls-Split'!$I$6,"Pos","Neg") -> Neg | M88: 3 | N88: V5 | O88: N-hRluc | P88: 1087 | Q88: =P88/'Controls-Split'!$D$29 -> 0.88158962 | R88: =IF(Q88>'Controls-Split'!$J$29,"Pos","Neg") -> Neg | S88: 6
A89: GSTK1a | B89: AGXT | C89: C-Venus | D89: C-hRluc | E89: 0.053 | F89: 1 | G89: YFP2 | H89: YFP1 | I89: 9533 | J89: =I89-'Controls-Split'!$D$6 -> 8790 | K89: =J89/'Controls-Split'!$C$6 -> 0.19297899 | L89: =IF(K89>'Controls-Split'!$I$6,"Pos","Neg") -> Pos | M89: 3 | N89: V5 | O89: N-hRluc | P89: 840 | Q89: =P89/'Controls-Split'!$D$35 -> 0.57573681 | R89: =IF(Q89>'Controls-Split'!$J$35,"Pos","Neg") -> Neg | S89: 12
A90: GSTK1a | B90: GSTK1a | C90: C-hRluc | D90: N-Venus | E90: 0.193 | F90: 2 | G90: YFP1 | H90: YFP2 | I90: 38448 | J90: =I90-'Controls-Split'!$D$6 -> 37705 | K90: =J90/'Controls-Split'!$C$6 -> 0.82778985 | L90: =IF(K90>'Controls-Split'!$I$6,"Pos","Neg") -> Pos | M90: 3 | N90: N-hRluc | O90: V5 | P90: 1403 | Q90: =P90/'Controls-Split'!$D$28 -> 0.93783422 | R90: =IF(Q90>'Controls-Split'!$J$28,"Pos","Neg") -> Neg | S90: 5
A91: GSTK1a | B91: NOS2 | C91: N-Venus | D91: N-hRluc | E91: 0.027 | F91: 2 | G91: YFP2 | H91: YFP1 | I91: 3229 | J91: =I91-'Controls-Split'!$D$6 -> 2486 | K91: =J91/'Controls-Split'!$C$6 -> 0.054578586 | L91: =IF(K91>'Controls-Split'!$I$6,"Pos","Neg") -> Pos | M91: 3 | N91: V5 | O91: N-hRluc | P91: 1468 | Q91: =P91/'Controls-Split'!$D$28 -> 0.98128342 | R91: =IF(Q91>'Controls-Split'!$J$28,"Pos","Neg") -> Neg | S91: 5
A92: GSTK1b | B92: ECH1 | C92: N-Venus | D92: N-hRluc | E92: 0.029 | F92: 2 | G92: YFP2 | H92: YFP1 | I92: 1169 | J92: =I92-'Controls-Split'!$D$6 -> 426 | K92: =J92/'Controls-Split'!$C$6 -> 0.0093525654 | L92: =IF(K92>'Controls-Split'!$I$6,"Pos","Neg") -> Neg | M92: 3 | N92: V5 | O92: N-hRluc | P92: 893 | Q92: =P92/'Controls-Split'!$D$28 -> 0.59692513 | R92: =IF(Q92>'Controls-Split'!$J$28,"Pos","Neg") -> Neg | S92: 5
A93: GSTK1b | B93: GSTK1a | C93: N-hRluc | D93: C-Venus | E93: 0.109 | F93: 2 | G93: YFP1 | H93: YFP2 | I93: 13473 | J93: =I93-'Controls-Split'!$D$6 -> 12730 | K93: =J93/'Controls-Split'!$C$6 -> 0.27947924 | L93: =IF(K93>'Controls-Split'!$I$6,"Pos","Neg") -> Pos | M93: 3 | N93: N-hRluc | O93: V5 | P93: 1680 | Q93: =P93/'Controls-Split'!$D$28 -> 1.1229947 | R93: =IF(Q93>'Controls-Split'!$J$28,"Pos","Neg") -> Neg | S93: 5
A94: GSTK1b | B94: GSTK1b | C94: N-hRluc | D94: N-Venus | E94: 0.089 | F94: 2 | G94: YFP1 | H94: YFP2 | I94: 9436 | J94: =I94-'Controls-Split'!$D$6 -> 8693 | K94: =J94/'Controls-Split'!$C$6 -> 0.19084941 | L94: =IF(K94>'Controls-Split'!$I$6,"Pos","Neg") -> Pos | M94: 3 | N94: N-hRluc | O94: V5 | P94: 1166 | Q94: =P94/'Controls-Split'!$D$28 -> 0.77941176 | R94: =IF(Q94>'Controls-Split'!$J$28,"Pos","Neg") -> Neg | S94: 5
A95: GSTK1b | B95: MARC2 | C95: N-Venus | D95: N-hRluc | E95: 0.027 | F95: 2 | G95: YFP2 | H95: YFP1 | I95: 1669 | J95: =I95-'Controls-Split'!D6 -> 926 | K95: =J95/'Controls-Split'!C6 -> 0.020329755 | L95: =IF(K95>'Controls-Split'!$I$6,"Pos","Neg") -> Neg | M95: 3 | N95: V5 | O95: N-hRluc | P95: 942 | Q95: =P95/'Controls-Split'!$D$28 -> 0.62967914 | R95: =IF(Q95>'Controls-Split'!$J$28,"Pos","Neg") -> Neg | S95: 5
A96: GSTK1b | B96: PECR | C96: N-Venus | D96: N-hRluc | E96: 0.036 | F96: 2 | G96: YFP2 | H96: YFP1 | I96: 1764 | J96: =I96-'Controls-Split'!$D$6 -> 1021 | K96: =J96/'Controls-Split'!$C$6 -> 0.022415421 | L96: =IF(K96>'Controls-Split'!$I$6,"Pos","Neg") -> Neg | M96: 3 | N96: V5 | O96: N-hRluc | P96: 1567 | Q96: =P96/'Controls-Split'!$D$28 -> 1.0474599 | R96: Neg | S96: 5
A97: HAO1 | B97: HAO1 | C97: N-hRluc | D97: N-Venus | E97: 0.177 | F97: 2 | G97: YFP1 | H97: YFP2 | I97: 8314 | J97: =I97-'Controls-Split'!$D$6 -> 7571 | K97: =J97/'Controls-Split'!$C$6 -> 0.1662166 | L97: =IF(K97>'Controls-Split'!$I$6,"Pos","Neg") -> Pos | M97: 3 | N97: N-hRluc | O97: V5 | P97: 65697 | Q97: =P97/'Controls-Split'!$D$27 -> 31.969343 | R97: =IF(Q97>'Controls-Split'!$J$27,"Pos","Neg") -> Pos | S97: 4
A98: HAO2 | B98: HAO2 | C98: N-hRluc | D98: C-Venus | E98: 0.051 | F98: 2 | G98: YFP1 | H98: YFP2 | I98: 1532 | J98: =I98-'Controls-Split'!$D$6 -> 789 | K98: =J98/'Controls-Split'!$C$6 -> 0.017322005 | L98: =IF(K98>'Controls-Split'!$I$6,"Pos","Neg") -> Neg | M98: 3 | N98: N-hRluc | O98: V5 | P98: 23362 | Q98: =P98/'Controls-Split'!$D$27 -> 11.36837 | R98: =IF(Q98>'Controls-Split'!$J$27,"Pos","Neg") -> Pos | S98: 4
A99: PEX5d | B99: MLYCD | C99: C-hRluc | D99: N-Venus | E99: 0.035 | F99: 2 | G99: YFP1 | H99: YFP2 | I99: 4013 | J99: =I99-'Controls-Split'!$D$6 -> 3270 | K99: =J99/'Controls-Split'!$C$6 -> 0.071790819 | L99: =IF(K99>'Controls-Split'!$I$6,"Pos","Neg") -> Pos | M99: 3 | N99: N-hRluc | O99: V5 | P99: 6354 | Q99: =P99/'Controls-Split'!$D$27 -> 3.0919708 | R99: =IF(Q99>'Controls-Split'!$J$27,"Pos","Neg") -> Pos | S99: 4
A100: PEX5d | B100: MPV17L2 | C100: N-Venus | D100: N-hRluc | E100: 0.027 | F100: 2 | G100: YFP2 | H100: YFP1 | I100: 4051 | J100: =I100-'Controls-Split'!$D$6 -> 3308 | K100: =J100/'Controls-Split'!$C$6 -> 0.072625085 | L100: =IF(K100>'Controls-Split'!$I$6,"Pos","Neg") -> Pos | M100: 3 | N100: V5 | O100: N-hRluc | P100: 1776 | Q100: =P100/'Controls-Split'!$D$33 -> 0.69051322 | R100: =IF(Q100>'Controls-Split'!$J$33,"Pos","Neg") -> Neg | S100: 10
...

Sheet R_ana
A1: Protein1 | B1: Protein2 | C1: BRET_Mean | D1: BRET_Count | E1: YFP_Mean | F1: YFP_Mean_Nodna | G1: YFP_normalized | H1: YFP_result | I1: LUMIER_Mean | J1: LUMIER_normalized | K1: LUMIER_result
A2: ABCD1 | B2: ALDH3A2 | C2: 0.055 | D2: 1 | E2: 1867 | F2: 369 | G2: 0.007 | H2: Neg | I2: 3860 | J2: 1.55 | K2: Neg
A3: ABCD1 | B3: EHHADH | C3: 0.03 | D3: 2 | E3: 1746 | F3: 248 | G3: 0.004 | H3: Neg | I3: 2344 | J3: 1.14 | K3: Neg
A4: ABCD1 | B4: FAR1 | C4: 0.039 | D4: 2 | E4: 1751 | F4: 253 | G4: 0.005 | H4: Neg | I4: 2658 | J4: 1.07 | K4: Neg
A5: ABCD1 | B5: PEX13 | C5: 0.029 | D5: 2 | E5: 1769 | F5: 271 | G5: 0.005 | H5: Neg | I5: 1253 | J5: 0.97 | K5: Neg
A6: ABCD1 | B6: PEX5d | C6: 0.033 | D6: 2 | E6: 3677 | F6: 2179 | G6: 0.039 | H6: Neg
A7: ABCD1 | B7: PXT1 | C7: 0.03 | D7: 1 | E7: 2246 | F7: 748 | G7: 0.014 | H7: Neg | I7: 1933 | J7: 1 | K7: Neg
A8: ABCD3b | B8: FIS1 | C8: 0.066 | D8: 2 | E8: 1826 | F8: 328 | G8: 0.006 | H8: Neg | I8: 569 | J8: 0.39 | K8: Neg
A9: ABCD3b | B9: FNDC5 | C9: 0.028 | D9: 2 | E9: 1708 | F9: 210 | G9: 0.004 | H9: Neg | I9: 684 | J9: 0.47 | K9: Neg
A10: ABCD4 | B10: ABCD4 | C10: 0.108 | D10: 2 | E10: 2427 | F10: 929 | G10: 0.017 | H10: Neg | I10: 4724 | J10: 1.75 | K10: Pos
A11: ABCD4 | B11: ACOX2 | C11: 0.034 | D11: 2 | E11: 1617 | F11: 119 | G11: 0.002 | H11: Neg | I11: 8134 | J11: 3.28 | K11: Pos
A12: ABCD4 | B12: PRDX1 | C12: 0.041 | D12: 2 | E12: 1911 | F12: 413 | G12: 0.007 | H12: Neg | I12: 7080 | J12: 2.63 | K12: Pos
A13: ABCD4 | B13: PXT1 | C13: 0.032 | D13: 2 | E13: 1872 | F13: 374 | G13: 0.007 | H13: Neg | I13: 1191 | J13: 0.44 | K13: Neg
A14: ABCD4 | B14: SLC22A5 | C14: 0.028 | D14: 2 | E14: 1544 | F14: 46 | G14: 0.001 | H14: Neg | I14: 5605 | J14: 2.08 | K14: Pos
A15: ABCD4 | B15: SOD1 | C15: 0.053 | D15: 2 | E15: 2722 | F15: 1224 | G15: 0.022 | H15: Neg | I15: 1222 | J15: 0.94 | K15: Neg
A16: ACAA1a | B16: ACAA1a | C16: 0.182 | D16: 2 | E16: 4841 | F16: 3343 | G16: 0.06 | H16: Pos | I16: 2467 | J16: 1.89 | K16: Neg
A17: ACAA1a | B17: GSTK1a | C17: 0.03 | D17: 1 | E17: 3315 | F17: 1817 | G17: 0.033 | H17: Neg | I17: 1724 | J17: 1.32 | K17: Neg
A18: ACAA1a | B18: PMVK | C18: 0.032 | D18: 2 | E18: 7079 | F18: 5581 | G18: 0.101 | H18: Pos | I18: 630 | J18: 0.43 | K18: Neg
A19: ACAA1a | B19: PXT1 | C19: 0.03 | D19: 1 | E19: 1962 | F19: 464 | G19: 0.008 | H19: Neg | I19: 1791 | J19: 0.92 | K19: Neg
A20: ACAA1a | B20: TYSND1 | C20: 0.028 | D20: 2 | E20: 2079 | F20: 581 | G20: 0.011 | H20: Neg
A21: ACAA1b | B21: ACOT1 | C21: 0.027 | D21: 1 | E21: 2150 | F21: 652 | G21: 0.012 | H21: Neg | I21: 1060 | J21: 0.81 | K21: Neg
A22: ACAA1b | B22: DAO | C22: 0.033 | D22: 1 | E22: 1816 | F22: 318 | G22: 0.006 | H22: Neg | I22: 1160 | J22: 0.8 | K22: Neg
A23: ACAA1b | B23: FIS1 | C23: 0.054 | D23: 2 | E23: 1614 | F23: 116 | G23: 0.002 | H23: Neg | I23: 1106 | J23: 0.9 | K23: Neg
A24: ACAA1b | B24: GSTK1a | C24: 0.043 | D24: 1 | E24: 3511 | F24: 2013 | G24: 0.036 | H24: Neg | I24: 939 | J24: 0.63 | K24: Neg
A25: ACAA1b | B25: SLC27A2 | C25: 0.033 | D25: 2 | E25: 1960 | F25: 462 | G25: 0.008 | H25: Neg | I25: 2086 | J25: 1.6 | K25: Neg
A26: ACAA1b | B26: TYSND1 | C26: 0.038 | D26: 2 | E26: 2102 | F26: 604 | G26: 0.011 | H26: Neg | I26: 2547 | J26: 1.03 | K26: Neg
A27: ACAD11 | B27: TYSND1 | C27: 0.053 | D27: 2 | E27: 1968 | F27: 470 | G27: 0.009 | H27: Neg | I27: 1527 | J27: 0.61 | K27: Neg
A28: ACOT2v1 | B28: AGXT | C28: 0.034 | D28: 1 | E28: 3119 | F28: 1621 | G28: 0.029 | H28: Neg | I28: 1805 | J28: 0.73 | K28: Neg
A29: ACOT2v2 | B29: DHRS4 | C29: 0.031 | D29: 2 | E29: 1736 | F29: 238 | G29: 0.004 | H29: Neg | I29: 566 | J29: 0.44 | K29: Neg
A30: ACOT8 | B30: ACOT8 | C30: 0.113 | D30: 2 | E30: 3140 | F30: 1642 | G30: 0.03 | H30: Neg | I30: 2342 | J30: 1.79 | K30: Neg
A31: ACOT8 | B31: DHRS4 | C31: 0.039 | D31: 1 | E31: 2076 | F31: 578 | G31: 0.01 | H31: Neg | I31: 821 | J31: 0.63 | K31: Neg
A32: ACOT8 | B32: HAO1 | C32: 0.031 | D32: 2 | E32: 2190 | F32: 692 | G32: 0.013 | H32: Neg | I32: 1021 | J32: 0.78 | K32: Neg
... A59: DAO | B59: DAO | C59: 0.033 | D59: 2 | E59: 2754 | F59: -593 | G59: -0.016 | H59: Neg | I59: 9112 | J59: 6.25 | K59: Pos
A60: DECR2 | B60: ACAA1a | C60: 0.031 | D60: 2 | E60: 4437 | F60: 1090 | G60: 0.029 | H60: Neg
A61: DECR2 | B61: DECR2 | C61: 0.116 | D61: 2 | E61: 2354 | F61: -993 | G61: -0.026 | H61: Neg | I61: 5024 | J61: 2.44 | K61: Pos
A62: DHRS4 | B62: DHRS4 | C62: 0.142 | D62: 1 | E62: 3438 | F62: 91 | G62: 0.002 | H62: Neg | I62: 1985 | J62: 0.97 | K62: Neg
A63: DHRS4 | B63: IDE | C63: 0.032 | D63: 1 | E63: 3746 | F63: 399 | G63: 0.01 | H63: Neg | I63: 1941 | J63: 0.94 | K63: Neg
A64: DNM1L | B64: DNM1L | C64: 0.221 | D64: 2 | E64: 8486 | F64: 5139 | G64: 0.135 | H64: Pos | I64: 9747 | J64: 4.74 | K64: Pos
A65: DNM1L | B65: ECH1 | C65: 0.035 | D65: 2 | E65: 3688 | F65: 341 | G65: 0.009 | H65: Neg | I65: 1890 | J65: 0.92 | K65: Neg
A66: ECH1 | B66: AMACR | C66: 0.032 | D66: 1 | E66: 4009 | F66: 662 | G66: 0.017 | H66: Neg | I66: 1984 | J66: 1.19 | K66: Neg
A67: ECH1 | B67: GSTK1a | C67: 0.031 | D67: 1 | E67: 7087 | F67: 3740 | G67: 0.098 | H67: Neg | I67: 846 | J67: 0.57 | K67: Neg
A68: ECH1 | B68: TYSND1 | C68: 0.028 | D68: 2 | E68: 3193 | F68: -154 | G68: -0.004 | H68: Neg | I68: 4926 | J68: 1.98 | K68: Neg
A69: EPHX2 | B69: EPHX2 | C69: 0.182 | D69: 2 | E69: 7359 | F69: 4012 | G69: 0.105 | H69: Neg | I69: 84503 | J69: 41.12 | K69: Pos
A70: FAR1 | B70: ALDH3A2 | C70: 0.061 | D70: 2 | E70: 3768 | F70: 421 | G70: 0.011 | H70: Neg | I70: 4589 | J70: 1.85 | K70: Neg
A71: FAR1 | B71: DHRS4 | C71: 0.047 | D71: 1 | E71: 4557 | F71: 1210 | G71: 0.032 | H71: Neg | I71: 1324 | J71: 0.53 | K71: Neg
A72: FAR1 | B72: FAR1 | C72: 0.141 | D72: 2 | E72: 3698 | F72: 351 | G72: 0.009 | H72: Neg | I72: 2758 | J72: 1.11 | K72: Neg
... A110: PIPOX | B110: NOS2 | C110: 0.032 | D110: 1 | E110: 1163 | F110: 420 | G110: 0.009 | H110: Neg | I110: 52548 | J110: 25.57 | K110: Pos
A111: PRDX1 | B111: DAO | C111: 0.033 | D111: 2 | E111: 1211 | F111: 468 | G111: 0.01 | H111: Neg | I111: 1892 | J111: 0.98
A112: PRDX1 | B112: EPHX2 | C112: 0.029 | D112: 2 | E112: 3438 | F112: 2695 | G112: 0.059 | H112: Pos | I112: 2488 | J112: 1.21 | K112: Neg
A113: PRDX1 | B113: GSTK1a | C113: 0.03 | D113: 2 | E113: 2708 | F113: 1965 | G113: 0.043 | H113: Pos | I113: 1291 | J113: 0.86 | K113: Neg
A114: PRDX1 | B114: PRDX1 | C114: 0.084 | D114: 2 | E114: 6851 | F114: 6108 | G114: 0.134 | H114: Pos | I114: 16139 | J114: 8.33 | K114: Pos
A115: PXMP2 | B115: PXMP2 | C115: 0.135 | D115: 2 | E115: 1637 | F115: 894 | G115: 0.02 | H115: Neg | I115: 1319 | J115: 0.9 | K115: Neg
A116: PXMP4 | B116: PEX16 | C116: 0.05 | D116: 1 | E116: 1106 | F116: 363 | G116: 0.008 | H116: Neg | I116: 2694 | J116: 1.85 | K116: Neg
A117: PXMP4 | B117: SCP2v1 | C117: 0.027 | D117: 2 | E117: 864 | F117: 121 | G117: 0.003 | H117: Neg | I117: 1689 | J117: 0.87 | K117: Neg
A118: SCP2v1 | B118: ACAD11 | C118: 0.048 | D118: 1 | E118: 1627 | F118: 884 | G118: 0.019 | H118: Neg | I118: 1778 | J118: 0.92 | K118: Neg
A119: SCP2v1 | B119: DNAJC10 | C119: 0.031 | D119: 2 | E119: 1973 | F119: 1230 | G119: 0.027 | H119: Neg | I119: 2200 | J119: 1.14 | K119: Neg
A120: SCP2v1 | B120: FNDC5 | C120: 0.032 | D120: 1 | E120: 1709 | F120: 966 | G120: 0.021 | H120: Neg | I120: 2142 | J120: 1.11 | K120: Neg
A121: SCP2v1 | B121: PIPOX | C121: 0.027 | D121: 2 | E121: 4680 | F121: 3937 | G121: 0.086 | H121: Pos | I121: 6186 | J121: 3.19 | K121: Pos
A122: SCP2v1 | B122: PRDX5 | C122: 0.031 | D122: 1 | E122: 1243 | F122: 500 | G122: 0.011 | H122: Neg | I122: 1849 | J122: 0.95 | K122: Neg
A123: SCP2v1 | B123: SCP2v1 | C123: 0.039 | D123: 2 | E123: 5785 | F123: 5042 | G123: 0.111 | H123: Pos | I123: 1902 | J123: 0.98 | K123: Neg
... A152: PEX5d | B152: ABCD3b | C152: 0.051 | D152: 2 | E152: 4741 | F152: 3383 | G152: 0.055 | H152: Pos | I152: 581 | J152: 0.45 | K152: Neg
A153: PEX5d | B153: ACAA1a | C153: 0.065 | D153: 2 | E153: 2168 | F153: 810 | G153: 0.013 | H153: Neg
A154: PEX5d | B154: ACAA1b | C154: 0.041 | D154: 2 | E154: 4984 | F154: 3626 | G154: 0.059 | H154: Pos | I154: 1539 | J154: 0.6 | K154: Neg
A155: PEX5d | B155: ACAD11 | C155: 0.028 | D155: 2 | E155: 2287 | F155: 929 | G155: 0.015 | H155: Neg | I155: 1908 | J155: 0.74 | K155: Neg
A156: PEX5d | B156: ACOT8 | C156: 0.036 | D156: 2 | E156: 16009 | F156: 14651 | G156: 0.238 | H156: Pos | I156: 2413 | J156: 0.94 | K156: Neg
A157: PEX5d | B157: ACOX1 | C157: 0.031 | D157: 2 | E157: 14100 | F157: 12742 | G157: 0.207 | H157: Pos | I157: 1901 | J157: 0.74 | K157: Neg
A158: PEX5d | B158: ACOX3 | C158: 0.039 | D158: 2 | E158: 2700 | F158: 1342 | G158: 0.022 | H158: Neg | I158: 11805 | J158: 4.75 | K158: Pos
A159: PEX5d | B159: ACSL6 | C159: 0.049 | D159: 1 | E159: 4046 | F159: 2688 | G159: 0.044 | H159: Pos | I159: 1445 | J159: 0.56 | K159: Neg
A160: PEX5d | B160: AGPS | C160: 0.027 | D160: 2 | E160: 7492 | F160: 6134 | G160: 0.1 | H160: Pos | I160: 2253 | J160: 0.88 | K160: Neg
A161: PEX11B | B161: PEX19 | C161: 0.1209 | D161: 2 | E161: 20409 | F161: 19775 | G161: 0.436 | H161: Pos | I161: 11915 | J161: 4.63 | K161: Pos
A162: PEX11B | B162: PEX26 | C162: 0.0615 | D162: 2 | E162: 1079 | F162: 445 | G162: 0.01 | H162: Neg | I162: 1941 | J162: 1.57 | K162: Neg
A163: PEX11B | B163: PEX5d | C163: 0.0604 | D163: 2 | E163: 4297 | F163: 3663 | G163: 0.081 | H163: Pos | I163: 1150 | J163: 0.88 | K163: Neg
A164: PEX11B | B164: PRDX1 | C164: 0.0562 | D164: 2 | E164: 600 | F164: -34 | G164: -0.001 | H164: Neg | I164: 2238 | J164: 1.16 | K164: Neg
A165: PEX11B | B165: SOD1 | C165: 0.0372 | D165: 2 | E165: 2716 | F165: 2082 | G165: 0.046 | H165: Pos | I165: 1418 | J165: 1.09 | K165: Neg
... A228: PEX5d | B228: HACL1 | C228: 0.027 | D228: 2 | E228: 3515 | F228: 964 | G228: 0.014 | H228: Neg | I228: 971 | J228: 0.38 | K228: Neg
A229: PEX5d | B229: HSD17B4 | C229: 0.046 | D229: 2 | E229: 2529 | F229: -22 | G229: 0 | H229: Neg
A230: PEX5d | B230: IDH1 | C230: 0.027 | D230: 2 | E230: 6114 | F230: 3563 | G230: 0.052 | H230: Neg | I230: 1040 | J230: 0.4 | K230: Neg
A231: PEX5d | B231: IDI2 | C231: 0.027 | D231: 2 | E231: 3617 | F231: 1066 | G231: 0.015 | H231: Neg | I231: 1754 | J231: 1.17 | K231: Neg
A232: PEX1 | B232: SOD1 | C232: 0.031 | D232: 2 | E232: 4193 | F232: 3120 | G232: 0.053 | H232: Pos | I232: 1270 | J232: 0.98 | K232: Neg
A233: PEX10v2 | B233: PEX5d | C233: 0.042 | D233: 2 | E233: 5411 | F233: 4338 | G233: 0.074 | H233: Pos | I233: 5631 | J233: 4.31 | K233: Pos
A234: PEX11A | B234: HACL1 | C234: 0.0355 | D234: 2 | E234: 1062 | F234: -11 | G234: 0 | H234: Neg | I234: 739 | J234: 0.6 | K234: Neg
A235: PEX11B | B235: ACBD5 | C235: 0.0334 | D235: 2 | E235: 1312 | F235: 239 | G235: 0.004 | H235: Neg | I235: 1752 | J235: 1.42 | K235: Neg
A236: PEX11B | B236: SOD2v2 | C236: 0.0332 | D236: 2 | E236: 1116 | F236: 43 | G236: 0.001 | H236: Neg | I236: 2361 | J236: 1.22 | K236: Pos
A237: PEX19 | B237: PHYH | C237: 0.047 | D237: 2 | E237: 23009 | F237: 21936 | G237: 0.374 | H237: Pos | I237: 813 | J237: 0.3 | K237: Neg
A238: PEX19 | B238: PIPOX | C238: 0.043 | D238: 2 | E238: 5357 | F238: 4284 | G238: 0.073 | H238: Pos | I238: 9745 | J238: 3.61 | K238: Pos
A239: PEX19 | B239: PRDX1 | C239: 0.029 | D239: 2 | E239: 11120 | F239: 10047 | G239: 0.171 | H239: Pos | I239: 1456 | J239: 0.57 | K239: Neg
A240: PEX19 | B240: PXMP2 | C240: 0.168 | D240: 2 | E240: 13885 | F240: 12812 | G240: 0.219 | H240: Pos | I240: 2522 | J240: 1.73 | K240: Neg
A241: PEX19 | B241: PXMP4 | C241: 0.087 | D241: 2 | E241: 8048 | F241: 6975 | G241: 0.119 | H241: Pos | I241: 937 | J241: 0.35 | K241: Neg
... A295: PEX7 | B295: PHYH | C295: 0.08 | D295: 2 | E295: 1965 | F295: 816 | G295: 0.01 | H295: Neg | I295: 2499 | J295: 1.29 | K295: Pos
A296: PIPOX | B296: ACAA1a | C296: 0.027 | D296: 2 | E296: 1879 | F296: 730 | G296: 0.009 | H296: Neg
A297: PRDX1 | B297: AGXT | C297: 0.027 | D297: 2 | E297: 11139 | F297: 9990 | G297: 0.125 | H297: Pos | I297: 1094 | J297: 0.75 | K297: Neg
A298: PRDX5 | B298: TYSND1 | C298: 0.028 | D298: 2 | E298: 1746 | F298: 597 | G298: 0.007 | H298: Neg | I298: 1944 | J298: 0.78 | K298: Neg
A299: SCP2v2 | B299: ECH1 | C299: 0.031 | D299: 1 | E299: 1208 | F299: 59 | G299: 0.001 | H299: Neg | I299: 1690 | J299: 0.82 | K299: Neg
A300: SCP2v2 | B300: FNDC5 | C300: 0.042 | D300: 2 | E300: 1541 | F300: 392 | G300: 0.005 | H300: Neg | I300: 963 | J300: 0.64 | K300: Neg
A301: SCP2v2 | B301: PECR | C301: 0.029 | D301: 2 | E301: 1779 | F301: 630 | G301: 0.008 | H301: Neg | I301: 954 | J301: 0.77 | K301: Neg
A302: SLC25A17 | B302: FIS1 | C302: 0.035 | D302: 2 | E302: 1298 | F302: 149 | G302: 0.002 | H302: Neg | I302: 1637 | J302: 0.85 | K302: Neg
A303: SOD2v2 | B303: SOD2v2 | C303: 0.071 | D303: 1 | E303: 3161 | F303: 2012 | G303: 0.025 | H303: Pos | I303: 2961 | J303: 1.53 | K303: Pos
A304: TRIM37 | B304: HAO1 | C304: 0.031 | D304: 2 | E304: 982 | F304: -167 | G304: -0.002 | H304: Neg | I304: 1404 | J304: 0.57 | K304: Neg
A305: TRIM37 | B305: PXT1 | C305: 0.04 | D305: 2 | E305: 1037 | F305: -112 | G305: -0.001 | H305: Neg | I305: 937 | J305: 0.38 | K305: Neg
A306: ABCD1 | B306: ACOT2v2 | C306: 0.033 | D306: 1 | E306: 1804 | F306: 600 | G306: 0.011 | H306: Neg | I306: 708 | J306: 0.55 | K306: Neg
...

Sheet Controls-Split
A1: Split YFP Kontrollen
B2: Mean | E2: stab | H2: proz | L2: Hits Split | M2: Count | N2: Proz
A3: Platte | B3: Positiv | C3: P-nodna | D3: nodna | E3: nodna | F3: 3-fach | G3: 9-fach | H3: nodna | I3: 3-fach | J3: 9-fach | L3: Pos | M3: =COUNTIF(All!L3:L431,'Controls-Split'!L3:L4) -> 134 | N3: =M3/M6 -> 0.31678487
A4: 1 | B4: 56773 | C4: =B4-D4 -> 55275 | D4: 1498 | E4: 259 | F4: =D4+3*E4 -> 2275 | G4: =D4+9*E4 -> 3829 | H4: =E4/$B4 -> 0.0045620277 | I4: =F4/$B4 -> 0.040071865 | J4: =G4/$B4 -> 0.067444031 | L4: Neg | M4: =COUNTIF(All!L3:L431,'Controls-Split'!L3:L4) -> 289 | N4: =M4/M6 -> 0.68321513
A5: 2 | B5: 41457 | C5: =B5-D5 -> 38110 | D5: 3347 | E5: 614 | F5: =D5+3*E5 -> 5189 | G5: =D5+9*E5 -> 8873 | H5: =E5/$B5 -> 0.014810527 | I5: =F5/$B5 -> 0.12516583 | J5: =G5/$B5 -> 0.21402899
A6: 3 | B6: 46292 | C6: =B6-D6 -> 45549 | D6: 743 | E6: 289 | F6: =D6+3*E6 -> 1610 | G6: =D6+9*E6 -> 3344 | H6: =E6/$B6 -> 0.0062429793 | I6: =F6/$B6 -> 0.034779228 | J6: =G6/$B6 -> 0.072237104 | L6: Summe | M6: =M3+M4 -> 423
A7: 4 | B7: 62955 | C7: =B7-D7 -> 61597 | D7: 1358 | E7: 172 | F7: =D7+3*E7 -> 1874 | G7: =D7+9*E7 -> 2906 | H7: =E7/$B7 -> 0.0027321102 | I7: =F7/$B7 -> 0.029767294 | J7: =G7/$B7 -> 0.046159956
A8: 5 | B8: 45963 | C8: =B8-D8 -> 45328.6 | D8: 634.4 | E8: 100 | F8: =D8+3*E8 -> 934.4 | G8: =D8+9*E8 -> 1534.4 | H8: =E8/$B8 -> 0.002175663 | I8: =F8/$B8 -> 0.020329395 | J8: =G8/$B8 -> 0.033383374 | L8: Hits LUMIER | M8: Count | N8: Proz
A9: 6 | B9: 71656 | C9: =B9-D9 -> 69105 | D9: 2551 | E9: 965 | F9: =D9+3*E9 -> 5446 | G9: =D9+9*E9 -> 11236 | H9: =E9/$B9 -> 0.013467121 | I9: =F9/$B9 -> 0.07600201 | J9: =G9/$B9 -> 0.15680473 | L9: Pos | M9: =COUNTIF(All!R3:R431,'Controls-Split'!L9:L10) -> 85 | N9: =M9/M12 -> 0.20481928
A10: 7 | B10: 59704 | C10: =B10-D10 -> 58631.125 | D10: 1072.875 | E10: 87.7 | F10: =D10+3*E10 -> 1335.975 | G10: =D10+9*E10 -> 1862.175 | H10: =E10/$B10 -> 0.0014689133 | I10: =F10/$B10 -> 0.022376641 | J10: =G10/$B10 -> 0.031190121 | L10: Neg | M10: =COUNTIF(All!R3:R431,'Controls-Split'!L9:L10) -> 330 | N10: =M10/M12 -> 0.79518072
A11: 8 | B11: 81288 | C11: =B11-D11 -> 80139 | D11: 1149 | E11: 194 | F11: =D11+3*E11 -> 1731 | G11: =D11+9*E11 -> 2895 | H11: =E11/$B11 -> 0.0023865761 | I11: =F11/$B11 -> 0.021294656 | J11: =G11/$B11 -> 0.035614113
A12: 9 | B12: 53427 | C12: =B12-D12 -> 52223 | D12: 1204 | E12: 196 | F12: =D12+3*E12 -> 1792 | G12: =D12+9*E12 -> 2968 | H12: =E12/$B12 -> 0.0036685571 | I12: =F12/$B12 -> 0.033541093 | J12: =G12/$B12 -> 0.055552436 | L12: Summe | M12: =M9+M10 -> 415
A13: 10 | B13: 62147 | C13: =B13-D13 -> 61147 | D13: 1000 | E13: 123 | F13: =D13+3*E13 -> 1369 | G13: =D13+9*E13 -> 2107 | H13: =E13/$B13 -> 0.0019791784 | I13: =F13/$B13 -> 0.022028416 | J13: =G13/$B13 -> 0.033903487
A14: 11 | B14: 43295 | C14: =B14-D14 -> 42506 | D14: 789 | E14: 287 | F14: =D14+3*E14 -> 1650 | G14: =D14+9*E14 -> 3372 | H14: =E14/$B14 -> 0.006628941 | I14: =F14/$B14 -> 0.038110636 | J14: =G14/$B14 -> 0.077884282
A15: 12 | F15: =D15+3*E15 -> 0 | G15: =D15+9*E15 -> 0 | H15: =E15/$B15 -> #DIV/0! | I15: =F15/$B15 -> #DIV/0! | J15: =G15/$B15 -> #DIV/0!
A16: 13 | B16: 40961.5 | C16: =B16-D16 -> 39728.25 | D16: 1233.25 | E16: 183 | F16: =D16+3*E16 -> 1782.25 | G16: =D16+9*E16 -> 2880.25 | H16: =E16/$B16 -> 0.0044676098 | I16: =F16/$B16 -> 0.043510369 | J16: =G16/$B16 -> 0.070316028
A18: Mean | B18: =AVERAGE(B4:B17) -> 55493.208 | C18: =AVERAGE(C4:C17) -> 54111.581 | D18: =AVERAGE(D4:D17) -> 1381.6271 | E18: =_xlfn.STDEV.P(D4:D17) -> 758.85187
A21: LUMIER Kontrollen
B22: Mean | E22: stab | H22: WT-N-hRluc | L22: positiv, wenn signal > größer 9-fach Stab nodna
A23: Platte | B23: Positiv | C23: P/nodna | D23: nodna | E23: nodna | F23: 3-fach | G23: 9-fach | J23: CutOff
A24: 1 | B24: 370689.5 | C24: =B24/D24 -> 192.46599 | D24: 1926 | E24: 326
A25: 2
A26: 3 | B26: 48525 | C26: =B26/D26 -> 25.051626 | D26: 1937 | E26: 37 | F26: =D26+3*E26 -> 2048 | G26: =D26+9*E26 -> 2270 | H26: 0 | J26: =G26/D26 -> 1.1719153 | K26: cave, keine WT-N-hRluc Kontrolle auf Platte, daher hier 2 als Ratio
A27: 4 | B27: 322425 | C27: =B27/D27 -> 156.89781 | D27: 2055 | E27: 115 | F27: =D27+3*E27 -> 2400 | G27: =D27+9*E27 -> 3090 | H27: 4559 | J27: =G27/D27 -> 1.5036496
A28: 5 | B28: 252181 | C28: =B28/D28 -> 168.57019 | D28: 1496 | E28: 227 | F28: =D28+3*E28 -> 2177 | G28: =D28+9*E28 -> 3539 | H28: 2104 | J28: =G28/D28 -> 2.3656417 | K28: 3-fach Stab > WT-N-hRluc
A29: 6 | B29: 162675 | C29: =B29/D29 -> 131.93431 | D29: 1233 | E29: 105 | F29: =D29+3*E29 -> 1548 | G29: =D29+9*E29 -> 2178 | H29: 1923 | J29: =G29/D29 -> 1.7664234
A30: 7 | B30: 182381 | C30: =B30/D30 -> 140.50924 | D30: 1298 | E30: 101 | F30: =D30+3*E30 -> 1601 | G30: =D30+9*E30 -> 2207 | H30: 2158 | J30: =G30/D30 -> 1.7003082
A31: 8 | B31: 852928 | C31: =B31/D31 -> 316.25065 | D31: 2697 | E31: 103 | F31: =D31+3*E31 -> 3006 | G31: =D31+9*E31 -> 3624 | H31: 7129 | J31: =G31/D31 -> 1.3437152
A32: 9 | B32: 776590 | C32: =B32/D32 -> 312.76279 | D32: 2483 | E32: 407 | F32: =D32+3*E32 -> 3704 | G32: =D32+9*E32 -> 6146 | H32: 7206 | J32: =G32/D32 -> 2.4752316
A33: 10 | B33: 730388 | C33: =B33/D33 -> 283.97667 | D33: 2572 | E33: 769 | F33: =D33+3*E33 -> 4879 | G33: =D33+9*E33 -> 9493 | H33: 20631 | J33: =G33/D33 -> 3.690902
A34: 11 | B34: 138321 | C34: =B34/D34 -> 105.9931 | D34: 1305 | E34: 167 | F34: =D34+3*E34 -> 1806 | G34: =D34+9*E34 -> 2808 | H34: 1532 | J34: =G34/D34 -> 2.1517241
A35: 12 | B35: 230412 | C35: =B35/D35 -> 157.92461 | D35: 1459 | E35: 256 | F35: =D35+3*E35 -> 2227 | G35: =D35+9*E35 -> 3763 | H35: 2585 | J35: =G35/D35 -> 2.5791638

Sheet Blatt1
A1: Nicht gefunden | G1: Mit Split YFP gefunden
A2: N-hRluc | B2: N-Venus | C2: Neg | D2: 148 | E2: 0.51211073 | G2: N-hRluc | H2: N-Venus | I2: Pos | J2: 64 | K2: 0.47761194
A3: C-hRluc | B3: N-Venus | C3: Neg | D3: 48 | E3: 0.16608997 | G3: C-hRluc | H3: N-Venus | I3: Pos | J3: 40 | K3: 0.29850746
A4: C-hRluc | B4: C-Venus | C4: Neg | D4: 33 | E4: 0.11418685 | G4: C-hRluc | H4: C-Venus | I4: Pos | J4: 18 | K4: 0.13432836
A5: N-hRluc | B5: C-Venus | C5: Neg | D5: 60 | E5: 0.20761246 | G5: N-hRluc | H5: C-Venus | I5: Pos | J5: 12 | K5: 0.089552239
D6: 289 | J6: 134
H8: neg | I8: pos
G9: mean bret ratio | H9: 0.05038 | I9: 0.05429

Sheet GO BP
C1: n overl terms | D1: z-score | E1: sim score | F1: best overlapping term
A2: PHYH | B2: SLC27A2 | C2: 2 | D2: 6.028911 | E2: 1 | F2: methyl-branched fatty acid metabolic process
A3: PEX1 | B3: PEX13 | C3: 2 | D3: 6.028911 | E3: 1 | F3: microtubule-based peroxisome localization
A4: PEX5 | B4: PEX14 | C4: 2 | D4: 6.028911 | E4: 1 | F4: negative regulation of protein homotetramerization
A5: PECR | B5: ALDH3A2 | C5: 2 | D5: 6.028911 | E5: 1 | F5: phytol metabolic process
A6: IDI1 | B6: IDI2 | C6: 2 | D6: 6.028911 | E6: 1 | F6: dimethylallyl diphosphate biosynthetic process
A7: PMVK | B7: MVK | C7: 3 | D7: 5.648437 | E7: 0.66666667 | F7: isopentenyl diphosphate biosynthetic process, mevalonate pathway
A8: PEX14 | B8: PEX6 | C8: 3 | D8: 5.648437 | E8: 0.66666667 | F8: protein import into peroxisome matrix, translocation
A9: PEX11B | B9: PEX11A | C9: 3 | D9: 5.648437 | E9: 0.66666667 | F9: regulation of peroxisome size
A10: PEX11G | B10: PEX11A | C10: 3 | D10: 5.648437 | E10: 0.66666667 | F10: regulation of peroxisome size
A11: PEX11G | B11: PEX11B | C11: 3 | D11: 5.648437 | E11: 0.66666667 | F11: regulation of peroxisome size
A12: PEX5 | B12: PEX6 | C12: 3 | D12: 5.648437 | E12: 0.66666667 | F12: protein import into peroxisome matrix, translocation
A13: PEX11A | B13: PEX3 | C13: 4 | D13: 5.3784863 | E13: 0.5 | F13: peroxisome membrane biogenesis
... A1211: HSD17B4 | B1211: MVK | C1211: 1270 | D1211: -0.026941381 | E1211: 0.0015748031 | F1211: small molecule metabolic process

Sheet GO MF
C1: n overl terms | D1: z-score | E1: sim score | F1: best overlapping term
A2: IDI1 | B2: IDI2 | C2: 2 | D2: 6.028911 | E2: 1 | F2: isopentenyl-diphosphate delta-isomerase activity
A3: ACOT8 | B3: BAAT | C3: 2 | D3: 6.028911 | E3: 1 | F3: medium-chain acyl-CoA hydrolase activity
A4: ACOX2 | B4: ACOX1 | C4: 2 | D4: 6.028911 | E4: 1 | F4: acyl-CoA oxidase activity
A5: ACOX1 | B5: ACAA1 | C5: 2 | D5: 6.028911 | E5: 1 | F5: palmitoyl-CoA oxidase activity
A6: ACOX3 | B6: ACOX2 | C6: 2 | D6: 6.028911 | E6: 1 | F6: pristanoyl-CoA oxidase activity
A7: ECI2 | B7: EHHADH | C7: 2 | D7: 6.028911 | E7: 1 | F7: dodecenoyl-CoA delta-isomerase activity
A8: ACOT8 | B8: ACOT2 | C8: 3 | D8: 5.648437 | E8: 0.66666667 | F8: acyl-CoA hydrolase activity
A9: DDO | B9: DAO | C9: 4 | D9: 5.3784863 | E9: 0.5 | F9: oxidoreductase activity, acting on the CH-NH2 group of donors, oxygen as acceptor
A10: SOD2 | B10: SOD1 | C10: 5 | D10: 5.1690963 | E10: 0.4 | F10: superoxide dismutase activity
A11: SCP2 | B11: ACAA1 | C11: 5 | D11: 5.1690963 | E11: 0.4 | F11: transferase activity, transferring acyl groups other than amino-acyl groups
A12: PRDX1 | B12: PRDX5 | C12: 5 | D12: 5.1690963 | E12: 0.4 | F12: peroxiredoxin activity
A13: SLC27A2 | B13: ACSL4 | C13: 6 | D13: 4.9980123 | E13: 0.33333333 | F13: very long-chain fatty acid-CoA ligase activity
... A1675: PEX3 | B1675: PEX13 | C1675: 8076 | D1675: -1.7628029 | E1675: 0.00024764735 | F1675: protein binding

Sheet summaryNetworkFiltered
A1: PEX6 | B1: PEX5 | C1: 4 | D1: int | E1: go | F1: go | G1: hpo
A2: PEX5 | B2: PEX16 | C2: 4 | D2: int | E2: go | F2: go | G2: hpo
A3: PEX5 | B3: ACOX1 | C3: 4 | D3: int | E3: go | F3: go | G3: hpo
A4: PEX26 | B4: PEX16 | C4: 4 | D4: int | E4: go | F4: go | G4: hpo
A5: PEX26 | B5: PEX12 | C5: 4 | D5: int | E5: go | F5: go | G5: hpo
A6: PEX19 | B6: PEX5 | C6: 4 | D6: int | E6: go | F6: go | G6: hpo
A7: PEX19 | B7: PEX26 | C7: 4 | D7: int | E7: go | F7: go | G7: hpo
A8: PEX19 | B8: ACOX1 | C8: 4 | D8: int | E8: go | F8: go | G8: hpo
A9: PEX14 | B9: PEX5 | C9: 4 | D9: int | E9: go | F9: go | G9: hpo
A10: PEX14 | B10: PEX19 | C10: 4 | D10: int | E10: go | F10: go | G10: hpo
A11: PEX12 | B11: PEX5 | C11: 4 | D11: int | E11: go | F11: go | G11: hpo
A12: PEX12 | B12: PEX16 | C12: 4 | D12: int | E12: go | F12: go | G12: hpo
... A17: PEX1 | B17: PEX5 | C17: 4 | D17: int | E17: go | F17: go | G17: hpo
A18: PEX7 | B18: AGPS | C18: 3 | D18: int | E18: go | F18: hpo
A19: PEX6 | B19: PEX26 | C19: 3 | D19: int | E19: go | F19: hpo
A20: PEX6 | B20: PEX19 | C20: 3 | D20: int | E20: go | F20: hpo
A21: PEX5 | B21: HSD17B4 | C21: 3 | D21: int | E21: go | F21: hpo
A22: PEX5 | B22: ABCD3 | C22: 3 | D22: int | E22: go | F22: hpo
A23: PEX3 | B23: PEX19 | C23: 3 | D23: int | E23: go | F23: hpo
A24: PEX3 | B24: PEX16 | C24: 3 | D24: int | E24: go | F24: hpo
A25: PEX26 | B25: PEX5 | C25: 3 | D25: go | E25: go | F25: hpo
A26: PEX19 | B26: PEX16 | C26: 3 | D26: int | E26: go | F26: hpo
A27: PEX19 | B27: PEX12 | C27: 3 | D27: int | E27: go | F27: hpo
A28: PEX19 | B28: ABCD3 | C28: 3 | D28: int | E28: go | F28: hpo
A29: PEX19 | B29: ABCD1 | C29: 3 | D29: int | E29: go | F29: hpo
... A48: ABCD1 | B48: PEX5 | C48: 3 | D48: int | E48: go | F48: hpo
A49: SOD2 | B49: SOD1 | C49: 2 | D49: go | E49: go
A50: SLC27A2 | B50: ACSL6 | C50: 2 | D50: go | E50: go
A51: SCP2 | B51: HSD17B4 | C51: 2 | D51: go | E51: hpo
A52: SCP2 | B52: AMACR | C52: 2 | D52: go | E52: hpo
A53: PHYH | B53: MLYCD | C53: 2 | D53: int | E53: hpo
A54: PHYH | B54: HACL1 | C54: 2 | D54: go | E54: go
A55: PEX7 | B55: SCP2 | C55: 2 | D55: go | E55: hpo
A56: PEX7 | B56: PHYH | C56: 2 | D56: int | E56: hpo
A57: PEX7 | B57: PEX5 | C57: 2 | D57: go | E57: hpo
A58: PEX7 | B58: PEX3 | C58: 2 | D58: go | E58: hpo
A59: PEX7 | B59: PEX26 | C59: 2 | D59: go | E59: hpo
A60: PEX7 | B60: PEX16 | C60: 2 | D60: go | E60: hpo
... A217: ABCD1 | B217: ALDH3A2 | C217: 2 | D217: int | E217: hpo
A218: ZADH2 | B218: ZADH2 | C218: 1 | D218: int
A219: ZADH2 | B219: PIPOX | C219: 1 | D219: go
A220: ZADH2 | B220: PECR | C220: 1 | D220: go
A221: ZADH2 | B221: HSD17B4 | C221: 1 | D221: go
A222: ZADH2 | B222: DDO | C222: 1 | D222: int
A223: ZADH2 | B223: ACOT1 | C223: 1 | D223: int
A224: TYSND1 | B224: TYSND1 | C224: 1 | D224: int
A225: TRIM37 | B225: PXT1 | C225: 1 | D225: int
A226: TRIM37 | B226: PEX7 | C226: 1 | D226: hpo
A227: TRIM37 | B227: PEX26 | C227: 1 | D227: hpo
A228: TRIM37 | B228: PEX16 | C228: 1 | D228: hpo
A229: TRIM37 | B229: HAO1 | C229: 1 | D229: int
... A1201: ABCD1 | B1201: ABCD1 | C1201: 1 | D1201: int
